filepath,filename,classe,split
C:\Users\Letic\Downloads\NEU-CLS\Cr_276.bmp,Cr_276.bmp,Crazing,train
C:\Users\Letic\Downloads\NEU-CLS\RS_270.bmp,RS_270.bmp,Rolled-in_Scale,train
C:\Users\Letic\Downloads\NEU-CLS\Cr_212.bmp,Cr_212.bmp,Crazing,train
C:\Users\Letic\Downloads\NEU-CLS\Pa_195.bmp,Pa_195.bmp,Patches,train
C:\Users\Letic\Downloads\NEU-CLS\In_44.bmp,In_44.bmp,Inclusion,train
C:\Users\Letic\Downloads\NEU-CLS\RS_278.bmp,RS_278.bmp,Rolled-in_Scale,train
C:\Users\Letic\Downloads\NEU-CLS\Cr_112.bmp,Cr_112.bmp,Crazing,train
C:\Users\Letic\Downloads\NEU-CLS\Sc_138.bmp,Sc_138.bmp,Scratches,train
C:\Users\Letic\Downloads\NEU-CLS\Pa_68.bmp,Pa_68.bmp,Patches,train
C:\Users\Letic\Downloads\NEU-CLS\RS_98.bmp,RS_98.bmp,Rolled-in_Scale,train
C:\Users\Letic\Downloads\NEU-CLS\Cr_168.bmp,Cr_168.bmp,Crazing,train
C:\Users\Letic\Downloads\NEU-CLS\In_250.bmp,In_250.bmp,Inclusion,train
C:\Users\Letic\Downloads\NEU-CLS\In_46.bmp,In_46.bmp,Inclusion,train
C:\Users\Letic\Downloads\NEU-CLS\Sc_24.bmp,Sc_24.bmp,Scratches,train
C:\Users\Letic\Downloads\NEU-CLS\Pa_194.bmp,Pa_194.bmp,Patches,train
C:\Users\Letic\Downloads\NEU-CLS\PS_262.bmp,PS_262.bmp,Pitted_Surface,train
C:\Users\Letic\Downloads\NEU-CLS\RS_225.bmp,RS_225.bmp,Rolled-in_Scale,train
C:\Users\Letic\Downloads\NEU-CLS\Sc_254.bmp,Sc_254.bmp,Scratches,train
C:\Users\Letic\Downloads\NEU-CLS\Sc_213.bmp,Sc_213.bmp,Scratches,train
C:\Users\Letic\Downloads\NEU-CLS\Cr_105.bmp,Cr_105.bmp,Crazing,train
C:\Users\Letic\Downloads\NEU-CLS\Cr_73.bmp,Cr_73.bmp,Crazing,train
C:\Users\Letic\Downloads\NEU-CLS\Pa_18.bmp,Pa_18.bmp,Patches,train
C:\Users\Letic\Downloads\NEU-CLS\Cr_156.bmp,Cr_156.bmp,Crazing,train
C:\Users\Letic\Downloads\NEU-CLS\Sc_34.bmp,Sc_34.bmp,Scratches,train
C:\Users\Letic\Downloads\NEU-CLS\In_48.bmp,In_48.bmp,Inclusion,train
C:\Users\Letic\Downloads\NEU-CLS\Pa_252.bmp,Pa_252.bmp,Patches,train
C:\Users\Letic\Downloads\NEU-CLS\RS_11.bmp,RS_11.bmp,Rolled-in_Scale,train
C:\Users\Letic\Downloads\NEU-CLS\Cr_221.bmp,Cr_221.bmp,Crazing,train
C:\Users\Letic\Downloads\NEU-CLS\RS_97.bmp,RS_97.bmp,Rolled-in_Scale,train
C:\Users\Letic\Downloads\NEU-CLS\Cr_123.bmp,Cr_123.bmp,Crazing,train
C:\Users\Letic\Downloads\NEU-CLS\Sc_211.bmp,Sc_211.bmp,Scratches,train
C:\Users\Letic\Downloads\NEU-CLS\Cr_272.bmp,Cr_272.bmp,Crazing,train
C:\Users\Letic\Downloads\NEU-CLS\RS_217.bmp,RS_217.bmp,Rolled-in_Scale,train
C:\Users\Letic\Downloads\NEU-CLS\In_120.bmp,In_120.bmp,Inclusion,train
C:\Users\Letic\Downloads\NEU-CLS\In_10.bmp,In_10.bmp,Inclusion,train
C:\Users\Letic\Downloads\NEU-CLS\Pa_112.bmp,Pa_112.bmp,Patches,train
C:\Users\Letic\Downloads\NEU-CLS\In_24.bmp,In_24.bmp,Inclusion,train
C:\Users\Letic\Downloads\NEU-CLS\In_104.bmp,In_104.bmp,Inclusion,train
C:\Users\Letic\Downloads\NEU-CLS\Cr_245.bmp,Cr_245.bmp,Crazing,train
C:\Users\Letic\Downloads\NEU-CLS\Sc_175.bmp,Sc_175.bmp,Scratches,train
C:\Users\Letic\Downloads\NEU-CLS\Cr_266.bmp,Cr_266.bmp,Crazing,train
C:\Users\Letic\Downloads\NEU-CLS\Cr_229.bmp,Cr_229.bmp,Crazing,train
C:\Users\Letic\Downloads\NEU-CLS\Sc_145.bmp,Sc_145.bmp,Scratches,train
C:\Users\Letic\Downloads\NEU-CLS\Sc_287.bmp,Sc_287.bmp,Scratches,train
C:\Users\Letic\Downloads\NEU-CLS\RS_208.bmp,RS_208.bmp,Rolled-in_Scale,train
C:\Users\Letic\Downloads\NEU-CLS\Sc_189.bmp,Sc_189.bmp,Scratches,train
C:\Users\Letic\Downloads\NEU-CLS\In_9.bmp,In_9.bmp,Inclusion,train
C:\Users\Letic\Downloads\NEU-CLS\Cr_76.bmp,Cr_76.bmp,Crazing,train
C:\Users\Letic\Downloads\NEU-CLS\Cr_68.bmp,Cr_68.bmp,Crazing,train
C:\Users\Letic\Downloads\NEU-CLS\Pa_237.bmp,Pa_237.bmp,Patches,train
C:\Users\Letic\Downloads\NEU-CLS\In_85.bmp,In_85.bmp,Inclusion,train
C:\Users\Letic\Downloads\NEU-CLS\Cr_246.bmp,Cr_246.bmp,Crazing,train
C:\Users\Letic\Downloads\NEU-CLS\RS_121.bmp,RS_121.bmp,Rolled-in_Scale,train
C:\Users\Letic\Downloads\NEU-CLS\Sc_281.bmp,Sc_281.bmp,Scratches,train
C:\Users\Letic\Downloads\NEU-CLS\PS_209.bmp,PS_209.bmp,Pitted_Surface,train
C:\Users\Letic\Downloads\NEU-CLS\Sc_144.bmp,Sc_144.bmp,Scratches,train
C:\Users\Letic\Downloads\NEU-CLS\In_168.bmp,In_168.bmp,Inclusion,train
C:\Users\Letic\Downloads\NEU-CLS\Pa_98.bmp,Pa_98.bmp,Patches,train
C:\Users\Letic\Downloads\NEU-CLS\Pa_165.bmp,Pa_165.bmp,Patches,train
C:\Users\Letic\Downloads\NEU-CLS\RS_57.bmp,RS_57.bmp,Rolled-in_Scale,train
C:\Users\Letic\Downloads\NEU-CLS\Pa_60.bmp,Pa_60.bmp,Patches,train
C:\Users\Letic\Downloads\NEU-CLS\RS_246.bmp,RS_246.bmp,Rolled-in_Scale,train
C:\Users\Letic\Downloads\NEU-CLS\In_164.bmp,In_164.bmp,Inclusion,train
C:\Users\Letic\Downloads\NEU-CLS\Pa_5.bmp,Pa_5.bmp,Patches,train
C:\Users\Letic\Downloads\NEU-CLS\Pa_101.bmp,Pa_101.bmp,Patches,train
C:\Users\Letic\Downloads\NEU-CLS\Cr_205.bmp,Cr_205.bmp,Crazing,train
C:\Users\Letic\Downloads\NEU-CLS\RS_203.bmp,RS_203.bmp,Rolled-in_Scale,train
C:\Users\Letic\Downloads\NEU-CLS\Sc_168.bmp,Sc_168.bmp,Scratches,train
C:\Users\Letic\Downloads\NEU-CLS\Pa_49.bmp,Pa_49.bmp,Patches,train
C:\Users\Letic\Downloads\NEU-CLS\Cr_17.bmp,Cr_17.bmp,Crazing,train
C:\Users\Letic\Downloads\NEU-CLS\Pa_169.bmp,Pa_169.bmp,Patches,train
C:\Users\Letic\Downloads\NEU-CLS\Pa_76.bmp,Pa_76.bmp,Patches,train
C:\Users\Letic\Downloads\NEU-CLS\Pa_215.bmp,Pa_215.bmp,Patches,train
C:\Users\Letic\Downloads\NEU-CLS\In_65.bmp,In_65.bmp,Inclusion,train
C:\Users\Letic\Downloads\NEU-CLS\Cr_43.bmp,Cr_43.bmp,Crazing,train
C:\Users\Letic\Downloads\NEU-CLS\RS_173.bmp,RS_173.bmp,Rolled-in_Scale,train
C:\Users\Letic\Downloads\NEU-CLS\PS_37.bmp,PS_37.bmp,Pitted_Surface,train
C:\Users\Letic\Downloads\NEU-CLS\Cr_59.bmp,Cr_59.bmp,Crazing,train
C:\Users\Letic\Downloads\NEU-CLS\Sc_284.bmp,Sc_284.bmp,Scratches,train
C:\Users\Letic\Downloads\NEU-CLS\Sc_7.bmp,Sc_7.bmp,Scratches,train
C:\Users\Letic\Downloads\NEU-CLS\Cr_218.bmp,Cr_218.bmp,Crazing,train
C:\Users\Letic\Downloads\NEU-CLS\Cr_227.bmp,Cr_227.bmp,Crazing,train
C:\Users\Letic\Downloads\NEU-CLS\Pa_254.bmp,Pa_254.bmp,Patches,train
C:\Users\Letic\Downloads\NEU-CLS\Pa_34.bmp,Pa_34.bmp,Patches,train
C:\Users\Letic\Downloads\NEU-CLS\In_163.bmp,In_163.bmp,Inclusion,train
C:\Users\Letic\Downloads\NEU-CLS\RS_265.bmp,RS_265.bmp,Rolled-in_Scale,train
C:\Users\Letic\Downloads\NEU-CLS\In_218.bmp,In_218.bmp,Inclusion,train
C:\Users\Letic\Downloads\NEU-CLS\In_109.bmp,In_109.bmp,Inclusion,train
C:\Users\Letic\Downloads\NEU-CLS\PS_284.bmp,PS_284.bmp,Pitted_Surface,train
C:\Users\Letic\Downloads\NEU-CLS\Cr_240.bmp,Cr_240.bmp,Crazing,train
C:\Users\Letic\Downloads\NEU-CLS\PS_16.bmp,PS_16.bmp,Pitted_Surface,train
C:\Users\Letic\Downloads\NEU-CLS\In_167.bmp,In_167.bmp,Inclusion,train
C:\Users\Letic\Downloads\NEU-CLS\PS_229.bmp,PS_229.bmp,Pitted_Surface,train
C:\Users\Letic\Downloads\NEU-CLS\Pa_62.bmp,Pa_62.bmp,Patches,train
C:\Users\Letic\Downloads\NEU-CLS\PS_28.bmp,PS_28.bmp,Pitted_Surface,train
C:\Users\Letic\Downloads\NEU-CLS\Sc_17.bmp,Sc_17.bmp,Scratches,train
C:\Users\Letic\Downloads\NEU-CLS\In_216.bmp,In_216.bmp,Inclusion,train
C:\Users\Letic\Downloads\NEU-CLS\Sc_238.bmp,Sc_238.bmp,Scratches,train
C:\Users\Letic\Downloads\NEU-CLS\Sc_233.bmp,Sc_233.bmp,Scratches,train
C:\Users\Letic\Downloads\NEU-CLS\Pa_27.bmp,Pa_27.bmp,Patches,train
C:\Users\Letic\Downloads\NEU-CLS\Pa_152.bmp,Pa_152.bmp,Patches,train
C:\Users\Letic\Downloads\NEU-CLS\Cr_209.bmp,Cr_209.bmp,Crazing,train
C:\Users\Letic\Downloads\NEU-CLS\Pa_118.bmp,Pa_118.bmp,Patches,train
C:\Users\Letic\Downloads\NEU-CLS\RS_231.bmp,RS_231.bmp,Rolled-in_Scale,train
C:\Users\Letic\Downloads\NEU-CLS\PS_288.bmp,PS_288.bmp,Pitted_Surface,train
C:\Users\Letic\Downloads\NEU-CLS\Sc_184.bmp,Sc_184.bmp,Scratches,train
C:\Users\Letic\Downloads\NEU-CLS\PS_122.bmp,PS_122.bmp,Pitted_Surface,train
C:\Users\Letic\Downloads\NEU-CLS\Sc_279.bmp,Sc_279.bmp,Scratches,train
C:\Users\Letic\Downloads\NEU-CLS\Cr_291.bmp,Cr_291.bmp,Crazing,train
C:\Users\Letic\Downloads\NEU-CLS\RS_142.bmp,RS_142.bmp,Rolled-in_Scale,train
C:\Users\Letic\Downloads\NEU-CLS\RS_89.bmp,RS_89.bmp,Rolled-in_Scale,train
C:\Users\Letic\Downloads\NEU-CLS\PS_187.bmp,PS_187.bmp,Pitted_Surface,train
C:\Users\Letic\Downloads\NEU-CLS\Cr_202.bmp,Cr_202.bmp,Crazing,train
C:\Users\Letic\Downloads\NEU-CLS\Pa_138.bmp,Pa_138.bmp,Patches,train
C:\Users\Letic\Downloads\NEU-CLS\Pa_260.bmp,Pa_260.bmp,Patches,train
C:\Users\Letic\Downloads\NEU-CLS\RS_283.bmp,RS_283.bmp,Rolled-in_Scale,train
C:\Users\Letic\Downloads\NEU-CLS\Sc_90.bmp,Sc_90.bmp,Scratches,train
C:\Users\Letic\Downloads\NEU-CLS\Cr_99.bmp,Cr_99.bmp,Crazing,train
C:\Users\Letic\Downloads\NEU-CLS\Cr_137.bmp,Cr_137.bmp,Crazing,train
C:\Users\Letic\Downloads\NEU-CLS\Pa_187.bmp,Pa_187.bmp,Patches,train
C:\Users\Letic\Downloads\NEU-CLS\In_258.bmp,In_258.bmp,Inclusion,train
C:\Users\Letic\Downloads\NEU-CLS\RS_192.bmp,RS_192.bmp,Rolled-in_Scale,train
C:\Users\Letic\Downloads\NEU-CLS\In_126.bmp,In_126.bmp,Inclusion,train
C:\Users\Letic\Downloads\NEU-CLS\RS_241.bmp,RS_241.bmp,Rolled-in_Scale,train
C:\Users\Letic\Downloads\NEU-CLS\RS_153.bmp,RS_153.bmp,Rolled-in_Scale,train
C:\Users\Letic\Downloads\NEU-CLS\Pa_196.bmp,Pa_196.bmp,Patches,train
C:\Users\Letic\Downloads\NEU-CLS\Cr_260.bmp,Cr_260.bmp,Crazing,train
C:\Users\Letic\Downloads\NEU-CLS\Cr_140.bmp,Cr_140.bmp,Crazing,train
C:\Users\Letic\Downloads\NEU-CLS\PS_170.bmp,PS_170.bmp,Pitted_Surface,train
C:\Users\Letic\Downloads\NEU-CLS\Cr_55.bmp,Cr_55.bmp,Crazing,train
C:\Users\Letic\Downloads\NEU-CLS\PS_73.bmp,PS_73.bmp,Pitted_Surface,train
C:\Users\Letic\Downloads\NEU-CLS\PS_85.bmp,PS_85.bmp,Pitted_Surface,train
C:\Users\Letic\Downloads\NEU-CLS\In_203.bmp,In_203.bmp,Inclusion,train
C:\Users\Letic\Downloads\NEU-CLS\Cr_154.bmp,Cr_154.bmp,Crazing,train
C:\Users\Letic\Downloads\NEU-CLS\PS_237.bmp,PS_237.bmp,Pitted_Surface,train
C:\Users\Letic\Downloads\NEU-CLS\Cr_81.bmp,Cr_81.bmp,Crazing,train
C:\Users\Letic\Downloads\NEU-CLS\PS_213.bmp,PS_213.bmp,Pitted_Surface,train
C:\Users\Letic\Downloads\NEU-CLS\In_170.bmp,In_170.bmp,Inclusion,train
C:\Users\Letic\Downloads\NEU-CLS\Sc_236.bmp,Sc_236.bmp,Scratches,train
C:\Users\Letic\Downloads\NEU-CLS\PS_199.bmp,PS_199.bmp,Pitted_Surface,train
C:\Users\Letic\Downloads\NEU-CLS\In_197.bmp,In_197.bmp,Inclusion,train
C:\Users\Letic\Downloads\NEU-CLS\Cr_150.bmp,Cr_150.bmp,Crazing,train
C:\Users\Letic\Downloads\NEU-CLS\RS_109.bmp,RS_109.bmp,Rolled-in_Scale,train
C:\Users\Letic\Downloads\NEU-CLS\PS_81.bmp,PS_81.bmp,Pitted_Surface,train
C:\Users\Letic\Downloads\NEU-CLS\Cr_58.bmp,Cr_58.bmp,Crazing,train
C:\Users\Letic\Downloads\NEU-CLS\In_57.bmp,In_57.bmp,Inclusion,train
C:\Users\Letic\Downloads\NEU-CLS\RS_229.bmp,RS_229.bmp,Rolled-in_Scale,train
C:\Users\Letic\Downloads\NEU-CLS\Pa_137.bmp,Pa_137.bmp,Patches,train
C:\Users\Letic\Downloads\NEU-CLS\Sc_212.bmp,Sc_212.bmp,Scratches,train
C:\Users\Letic\Downloads\NEU-CLS\Pa_13.bmp,Pa_13.bmp,Patches,train
C:\Users\Letic\Downloads\NEU-CLS\PS_271.bmp,PS_271.bmp,Pitted_Surface,train
C:\Users\Letic\Downloads\NEU-CLS\Cr_242.bmp,Cr_242.bmp,Crazing,train
C:\Users\Letic\Downloads\NEU-CLS\In_208.bmp,In_208.bmp,Inclusion,train
C:\Users\Letic\Downloads\NEU-CLS\Cr_185.bmp,Cr_185.bmp,Crazing,train
C:\Users\Letic\Downloads\NEU-CLS\RS_24.bmp,RS_24.bmp,Rolled-in_Scale,train
C:\Users\Letic\Downloads\NEU-CLS\Cr_188.bmp,Cr_188.bmp,Crazing,train
C:\Users\Letic\Downloads\NEU-CLS\PS_31.bmp,PS_31.bmp,Pitted_Surface,train
C:\Users\Letic\Downloads\NEU-CLS\Sc_270.bmp,Sc_270.bmp,Scratches,train
C:\Users\Letic\Downloads\NEU-CLS\In_294.bmp,In_294.bmp,Inclusion,train
C:\Users\Letic\Downloads\NEU-CLS\Sc_300.bmp,Sc_300.bmp,Scratches,train
C:\Users\Letic\Downloads\NEU-CLS\Sc_29.bmp,Sc_29.bmp,Scratches,train
C:\Users\Letic\Downloads\NEU-CLS\Cr_182.bmp,Cr_182.bmp,Crazing,train
C:\Users\Letic\Downloads\NEU-CLS\Pa_211.bmp,Pa_211.bmp,Patches,train
C:\Users\Letic\Downloads\NEU-CLS\Sc_240.bmp,Sc_240.bmp,Scratches,train
C:\Users\Letic\Downloads\NEU-CLS\Pa_65.bmp,Pa_65.bmp,Patches,train
C:\Users\Letic\Downloads\NEU-CLS\Pa_21.bmp,Pa_21.bmp,Patches,train
C:\Users\Letic\Downloads\NEU-CLS\Cr_103.bmp,Cr_103.bmp,Crazing,train
C:\Users\Letic\Downloads\NEU-CLS\In_300.bmp,In_300.bmp,Inclusion,train
C:\Users\Letic\Downloads\NEU-CLS\Cr_262.bmp,Cr_262.bmp,Crazing,train
C:\Users\Letic\Downloads\NEU-CLS\Cr_89.bmp,Cr_89.bmp,Crazing,train
C:\Users\Letic\Downloads\NEU-CLS\Cr_228.bmp,Cr_228.bmp,Crazing,train
C:\Users\Letic\Downloads\NEU-CLS\Pa_262.bmp,Pa_262.bmp,Patches,train
C:\Users\Letic\Downloads\NEU-CLS\Pa_52.bmp,Pa_52.bmp,Patches,train
C:\Users\Letic\Downloads\NEU-CLS\Cr_107.bmp,Cr_107.bmp,Crazing,train
C:\Users\Letic\Downloads\NEU-CLS\Sc_280.bmp,Sc_280.bmp,Scratches,train
C:\Users\Letic\Downloads\NEU-CLS\Pa_99.bmp,Pa_99.bmp,Patches,train
C:\Users\Letic\Downloads\NEU-CLS\PS_24.bmp,PS_24.bmp,Pitted_Surface,train
C:\Users\Letic\Downloads\NEU-CLS\PS_137.bmp,PS_137.bmp,Pitted_Surface,train
C:\Users\Letic\Downloads\NEU-CLS\Cr_125.bmp,Cr_125.bmp,Crazing,train
C:\Users\Letic\Downloads\NEU-CLS\Pa_163.bmp,Pa_163.bmp,Patches,train
C:\Users\Letic\Downloads\NEU-CLS\In_90.bmp,In_90.bmp,Inclusion,train
C:\Users\Letic\Downloads\NEU-CLS\Sc_219.bmp,Sc_219.bmp,Scratches,train
C:\Users\Letic\Downloads\NEU-CLS\RS_254.bmp,RS_254.bmp,Rolled-in_Scale,train
C:\Users\Letic\Downloads\NEU-CLS\Sc_76.bmp,Sc_76.bmp,Scratches,train
C:\Users\Letic\Downloads\NEU-CLS\In_278.bmp,In_278.bmp,Inclusion,train
C:\Users\Letic\Downloads\NEU-CLS\PS_42.bmp,PS_42.bmp,Pitted_Surface,train
C:\Users\Letic\Downloads\NEU-CLS\PS_40.bmp,PS_40.bmp,Pitted_Surface,train
C:\Users\Letic\Downloads\NEU-CLS\Sc_55.bmp,Sc_55.bmp,Scratches,train
C:\Users\Letic\Downloads\NEU-CLS\RS_92.bmp,RS_92.bmp,Rolled-in_Scale,train
C:\Users\Letic\Downloads\NEU-CLS\Cr_131.bmp,Cr_131.bmp,Crazing,train
C:\Users\Letic\Downloads\NEU-CLS\PS_105.bmp,PS_105.bmp,Pitted_Surface,train
C:\Users\Letic\Downloads\NEU-CLS\In_287.bmp,In_287.bmp,Inclusion,train
C:\Users\Letic\Downloads\NEU-CLS\Pa_155.bmp,Pa_155.bmp,Patches,train
C:\Users\Letic\Downloads\NEU-CLS\In_30.bmp,In_30.bmp,Inclusion,train
C:\Users\Letic\Downloads\NEU-CLS\RS_56.bmp,RS_56.bmp,Rolled-in_Scale,train
C:\Users\Letic\Downloads\NEU-CLS\Cr_183.bmp,Cr_183.bmp,Crazing,train
C:\Users\Letic\Downloads\NEU-CLS\In_217.bmp,In_217.bmp,Inclusion,train
C:\Users\Letic\Downloads\NEU-CLS\In_8.bmp,In_8.bmp,Inclusion,train
C:\Users\Letic\Downloads\NEU-CLS\In_43.bmp,In_43.bmp,Inclusion,train
C:\Users\Letic\Downloads\NEU-CLS\In_162.bmp,In_162.bmp,Inclusion,train
C:\Users\Letic\Downloads\NEU-CLS\Cr_225.bmp,Cr_225.bmp,Crazing,train
C:\Users\Letic\Downloads\NEU-CLS\Cr_85.bmp,Cr_85.bmp,Crazing,train
C:\Users\Letic\Downloads\NEU-CLS\PS_131.bmp,PS_131.bmp,Pitted_Surface,train
C:\Users\Letic\Downloads\NEU-CLS\Sc_207.bmp,Sc_207.bmp,Scratches,train
C:\Users\Letic\Downloads\NEU-CLS\RS_252.bmp,RS_252.bmp,Rolled-in_Scale,train
C:\Users\Letic\Downloads\NEU-CLS\Sc_19.bmp,Sc_19.bmp,Scratches,train
C:\Users\Letic\Downloads\NEU-CLS\PS_12.bmp,PS_12.bmp,Pitted_Surface,train
C:\Users\Letic\Downloads\NEU-CLS\RS_264.bmp,RS_264.bmp,Rolled-in_Scale,train
C:\Users\Letic\Downloads\NEU-CLS\Cr_195.bmp,Cr_195.bmp,Crazing,train
C:\Users\Letic\Downloads\NEU-CLS\RS_122.bmp,RS_122.bmp,Rolled-in_Scale,train
C:\Users\Letic\Downloads\NEU-CLS\RS_128.bmp,RS_128.bmp,Rolled-in_Scale,train
C:\Users\Letic\Downloads\NEU-CLS\Cr_130.bmp,Cr_130.bmp,Crazing,train
C:\Users\Letic\Downloads\NEU-CLS\RS_94.bmp,RS_94.bmp,Rolled-in_Scale,train
C:\Users\Letic\Downloads\NEU-CLS\In_179.bmp,In_179.bmp,Inclusion,train
C:\Users\Letic\Downloads\NEU-CLS\Sc_210.bmp,Sc_210.bmp,Scratches,train
C:\Users\Letic\Downloads\NEU-CLS\PS_265.bmp,PS_265.bmp,Pitted_Surface,train
C:\Users\Letic\Downloads\NEU-CLS\Cr_4.bmp,Cr_4.bmp,Crazing,train
C:\Users\Letic\Downloads\NEU-CLS\Cr_18.bmp,Cr_18.bmp,Crazing,train
C:\Users\Letic\Downloads\NEU-CLS\In_222.bmp,In_222.bmp,Inclusion,train
C:\Users\Letic\Downloads\NEU-CLS\Pa_185.bmp,Pa_185.bmp,Patches,train
C:\Users\Letic\Downloads\NEU-CLS\Sc_235.bmp,Sc_235.bmp,Scratches,train
C:\Users\Letic\Downloads\NEU-CLS\Sc_241.bmp,Sc_241.bmp,Scratches,train
C:\Users\Letic\Downloads\NEU-CLS\PS_216.bmp,PS_216.bmp,Pitted_Surface,train
C:\Users\Letic\Downloads\NEU-CLS\Pa_142.bmp,Pa_142.bmp,Patches,train
C:\Users\Letic\Downloads\NEU-CLS\Sc_158.bmp,Sc_158.bmp,Scratches,train
C:\Users\Letic\Downloads\NEU-CLS\Pa_83.bmp,Pa_83.bmp,Patches,train
C:\Users\Letic\Downloads\NEU-CLS\RS_214.bmp,RS_214.bmp,Rolled-in_Scale,train
C:\Users\Letic\Downloads\NEU-CLS\Cr_153.bmp,Cr_153.bmp,Crazing,train
C:\Users\Letic\Downloads\NEU-CLS\RS_236.bmp,RS_236.bmp,Rolled-in_Scale,train
C:\Users\Letic\Downloads\NEU-CLS\In_276.bmp,In_276.bmp,Inclusion,train
C:\Users\Letic\Downloads\NEU-CLS\PS_93.bmp,PS_93.bmp,Pitted_Surface,train
C:\Users\Letic\Downloads\NEU-CLS\PS_125.bmp,PS_125.bmp,Pitted_Surface,train
C:\Users\Letic\Downloads\NEU-CLS\Pa_129.bmp,Pa_129.bmp,Patches,train
C:\Users\Letic\Downloads\NEU-CLS\In_153.bmp,In_153.bmp,Inclusion,train
C:\Users\Letic\Downloads\NEU-CLS\PS_82.bmp,PS_82.bmp,Pitted_Surface,train
C:\Users\Letic\Downloads\NEU-CLS\Pa_219.bmp,Pa_219.bmp,Patches,train
C:\Users\Letic\Downloads\NEU-CLS\Cr_31.bmp,Cr_31.bmp,Crazing,train
C:\Users\Letic\Downloads\NEU-CLS\PS_264.bmp,PS_264.bmp,Pitted_Surface,train
C:\Users\Letic\Downloads\NEU-CLS\Sc_118.bmp,Sc_118.bmp,Scratches,train
C:\Users\Letic\Downloads\NEU-CLS\Pa_146.bmp,Pa_146.bmp,Patches,train
C:\Users\Letic\Downloads\NEU-CLS\RS_37.bmp,RS_37.bmp,Rolled-in_Scale,train
C:\Users\Letic\Downloads\NEU-CLS\Sc_248.bmp,Sc_248.bmp,Scratches,train
C:\Users\Letic\Downloads\NEU-CLS\Sc_226.bmp,Sc_226.bmp,Scratches,train
C:\Users\Letic\Downloads\NEU-CLS\Cr_187.bmp,Cr_187.bmp,Crazing,train
C:\Users\Letic\Downloads\NEU-CLS\PS_141.bmp,PS_141.bmp,Pitted_Surface,train
C:\Users\Letic\Downloads\NEU-CLS\Sc_101.bmp,Sc_101.bmp,Scratches,train
C:\Users\Letic\Downloads\NEU-CLS\In_47.bmp,In_47.bmp,Inclusion,train
C:\Users\Letic\Downloads\NEU-CLS\Cr_247.bmp,Cr_247.bmp,Crazing,train
C:\Users\Letic\Downloads\NEU-CLS\Cr_278.bmp,Cr_278.bmp,Crazing,train
C:\Users\Letic\Downloads\NEU-CLS\In_139.bmp,In_139.bmp,Inclusion,train
C:\Users\Letic\Downloads\NEU-CLS\RS_245.bmp,RS_245.bmp,Rolled-in_Scale,train
C:\Users\Letic\Downloads\NEU-CLS\In_21.bmp,In_21.bmp,Inclusion,train
C:\Users\Letic\Downloads\NEU-CLS\In_149.bmp,In_149.bmp,Inclusion,train
C:\Users\Letic\Downloads\NEU-CLS\Pa_261.bmp,Pa_261.bmp,Patches,train
C:\Users\Letic\Downloads\NEU-CLS\In_215.bmp,In_215.bmp,Inclusion,train
C:\Users\Letic\Downloads\NEU-CLS\RS_75.bmp,RS_75.bmp,Rolled-in_Scale,train
C:\Users\Letic\Downloads\NEU-CLS\In_112.bmp,In_112.bmp,Inclusion,train
C:\Users\Letic\Downloads\NEU-CLS\PS_27.bmp,PS_27.bmp,Pitted_Surface,train
C:\Users\Letic\Downloads\NEU-CLS\In_296.bmp,In_296.bmp,Inclusion,train
C:\Users\Letic\Downloads\NEU-CLS\RS_1.bmp,RS_1.bmp,Rolled-in_Scale,train
C:\Users\Letic\Downloads\NEU-CLS\Pa_31.bmp,Pa_31.bmp,Patches,train
C:\Users\Letic\Downloads\NEU-CLS\Cr_215.bmp,Cr_215.bmp,Crazing,train
C:\Users\Letic\Downloads\NEU-CLS\In_159.bmp,In_159.bmp,Inclusion,train
C:\Users\Letic\Downloads\NEU-CLS\PS_168.bmp,PS_168.bmp,Pitted_Surface,train
C:\Users\Letic\Downloads\NEU-CLS\Sc_161.bmp,Sc_161.bmp,Scratches,train
C:\Users\Letic\Downloads\NEU-CLS\Sc_227.bmp,Sc_227.bmp,Scratches,train
C:\Users\Letic\Downloads\NEU-CLS\Cr_261.bmp,Cr_261.bmp,Crazing,train
C:\Users\Letic\Downloads\NEU-CLS\In_191.bmp,In_191.bmp,Inclusion,train
C:\Users\Letic\Downloads\NEU-CLS\Cr_51.bmp,Cr_51.bmp,Crazing,train
C:\Users\Letic\Downloads\NEU-CLS\PS_242.bmp,PS_242.bmp,Pitted_Surface,train
C:\Users\Letic\Downloads\NEU-CLS\In_248.bmp,In_248.bmp,Inclusion,train
C:\Users\Letic\Downloads\NEU-CLS\Pa_16.bmp,Pa_16.bmp,Patches,train
C:\Users\Letic\Downloads\NEU-CLS\PS_22.bmp,PS_22.bmp,Pitted_Surface,train
C:\Users\Letic\Downloads\NEU-CLS\PS_236.bmp,PS_236.bmp,Pitted_Surface,train
C:\Users\Letic\Downloads\NEU-CLS\Cr_149.bmp,Cr_149.bmp,Crazing,train
C:\Users\Letic\Downloads\NEU-CLS\PS_10.bmp,PS_10.bmp,Pitted_Surface,train
C:\Users\Letic\Downloads\NEU-CLS\PS_249.bmp,PS_249.bmp,Pitted_Surface,train
C:\Users\Letic\Downloads\NEU-CLS\Cr_136.bmp,Cr_136.bmp,Crazing,train
C:\Users\Letic\Downloads\NEU-CLS\PS_201.bmp,PS_201.bmp,Pitted_Surface,train
C:\Users\Letic\Downloads\NEU-CLS\PS_133.bmp,PS_133.bmp,Pitted_Surface,train
C:\Users\Letic\Downloads\NEU-CLS\In_173.bmp,In_173.bmp,Inclusion,train
C:\Users\Letic\Downloads\NEU-CLS\In_32.bmp,In_32.bmp,Inclusion,train
C:\Users\Letic\Downloads\NEU-CLS\In_54.bmp,In_54.bmp,Inclusion,train
C:\Users\Letic\Downloads\NEU-CLS\RS_32.bmp,RS_32.bmp,Rolled-in_Scale,train
C:\Users\Letic\Downloads\NEU-CLS\Pa_268.bmp,Pa_268.bmp,Patches,train
C:\Users\Letic\Downloads\NEU-CLS\Pa_14.bmp,Pa_14.bmp,Patches,train
C:\Users\Letic\Downloads\NEU-CLS\PS_255.bmp,PS_255.bmp,Pitted_Surface,train
C:\Users\Letic\Downloads\NEU-CLS\Cr_300.bmp,Cr_300.bmp,Crazing,train
C:\Users\Letic\Downloads\NEU-CLS\Pa_123.bmp,Pa_123.bmp,Patches,train
C:\Users\Letic\Downloads\NEU-CLS\Sc_155.bmp,Sc_155.bmp,Scratches,train
C:\Users\Letic\Downloads\NEU-CLS\In_259.bmp,In_259.bmp,Inclusion,train
C:\Users\Letic\Downloads\NEU-CLS\RS_7.bmp,RS_7.bmp,Rolled-in_Scale,train
C:\Users\Letic\Downloads\NEU-CLS\Sc_67.bmp,Sc_67.bmp,Scratches,train
C:\Users\Letic\Downloads\NEU-CLS\In_166.bmp,In_166.bmp,Inclusion,train
C:\Users\Letic\Downloads\NEU-CLS\Cr_282.bmp,Cr_282.bmp,Crazing,train
C:\Users\Letic\Downloads\NEU-CLS\Pa_133.bmp,Pa_133.bmp,Patches,train
C:\Users\Letic\Downloads\NEU-CLS\RS_269.bmp,RS_269.bmp,Rolled-in_Scale,train
C:\Users\Letic\Downloads\NEU-CLS\Pa_119.bmp,Pa_119.bmp,Patches,train
C:\Users\Letic\Downloads\NEU-CLS\RS_99.bmp,RS_99.bmp,Rolled-in_Scale,train
C:\Users\Letic\Downloads\NEU-CLS\PS_44.bmp,PS_44.bmp,Pitted_Surface,train
C:\Users\Letic\Downloads\NEU-CLS\RS_70.bmp,RS_70.bmp,Rolled-in_Scale,train
C:\Users\Letic\Downloads\NEU-CLS\Cr_224.bmp,Cr_224.bmp,Crazing,train
C:\Users\Letic\Downloads\NEU-CLS\Pa_161.bmp,Pa_161.bmp,Patches,train
C:\Users\Letic\Downloads\NEU-CLS\PS_171.bmp,PS_171.bmp,Pitted_Surface,train
C:\Users\Letic\Downloads\NEU-CLS\Cr_145.bmp,Cr_145.bmp,Crazing,train
C:\Users\Letic\Downloads\NEU-CLS\Cr_122.bmp,Cr_122.bmp,Crazing,train
C:\Users\Letic\Downloads\NEU-CLS\In_290.bmp,In_290.bmp,Inclusion,train
C:\Users\Letic\Downloads\NEU-CLS\Sc_272.bmp,Sc_272.bmp,Scratches,train
C:\Users\Letic\Downloads\NEU-CLS\RS_74.bmp,RS_74.bmp,Rolled-in_Scale,train
C:\Users\Letic\Downloads\NEU-CLS\PS_200.bmp,PS_200.bmp,Pitted_Surface,train
C:\Users\Letic\Downloads\NEU-CLS\PS_136.bmp,PS_136.bmp,Pitted_Surface,train
C:\Users\Letic\Downloads\NEU-CLS\Pa_48.bmp,Pa_48.bmp,Patches,train
C:\Users\Letic\Downloads\NEU-CLS\Sc_41.bmp,Sc_41.bmp,Scratches,train
C:\Users\Letic\Downloads\NEU-CLS\In_249.bmp,In_249.bmp,Inclusion,train
C:\Users\Letic\Downloads\NEU-CLS\Pa_234.bmp,Pa_234.bmp,Patches,train
C:\Users\Letic\Downloads\NEU-CLS\PS_192.bmp,PS_192.bmp,Pitted_Surface,train
C:\Users\Letic\Downloads\NEU-CLS\Sc_177.bmp,Sc_177.bmp,Scratches,train
C:\Users\Letic\Downloads\NEU-CLS\Pa_201.bmp,Pa_201.bmp,Patches,train
C:\Users\Letic\Downloads\NEU-CLS\Cr_15.bmp,Cr_15.bmp,Crazing,train
C:\Users\Letic\Downloads\NEU-CLS\RS_77.bmp,RS_77.bmp,Rolled-in_Scale,train
C:\Users\Letic\Downloads\NEU-CLS\RS_15.bmp,RS_15.bmp,Rolled-in_Scale,train
C:\Users\Letic\Downloads\NEU-CLS\Cr_104.bmp,Cr_104.bmp,Crazing,train
C:\Users\Letic\Downloads\NEU-CLS\Pa_81.bmp,Pa_81.bmp,Patches,train
C:\Users\Letic\Downloads\NEU-CLS\Sc_26.bmp,Sc_26.bmp,Scratches,train
C:\Users\Letic\Downloads\NEU-CLS\In_232.bmp,In_232.bmp,Inclusion,train
C:\Users\Letic\Downloads\NEU-CLS\RS_44.bmp,RS_44.bmp,Rolled-in_Scale,train
C:\Users\Letic\Downloads\NEU-CLS\Sc_62.bmp,Sc_62.bmp,Scratches,train
C:\Users\Letic\Downloads\NEU-CLS\Pa_50.bmp,Pa_50.bmp,Patches,train
C:\Users\Letic\Downloads\NEU-CLS\PS_119.bmp,PS_119.bmp,Pitted_Surface,train
C:\Users\Letic\Downloads\NEU-CLS\Sc_146.bmp,Sc_146.bmp,Scratches,train
C:\Users\Letic\Downloads\NEU-CLS\Cr_197.bmp,Cr_197.bmp,Crazing,train
C:\Users\Letic\Downloads\NEU-CLS\RS_85.bmp,RS_85.bmp,Rolled-in_Scale,train
C:\Users\Letic\Downloads\NEU-CLS\Pa_175.bmp,Pa_175.bmp,Patches,train
C:\Users\Letic\Downloads\NEU-CLS\RS_263.bmp,RS_263.bmp,Rolled-in_Scale,train
C:\Users\Letic\Downloads\NEU-CLS\Cr_265.bmp,Cr_265.bmp,Crazing,train
C:\Users\Letic\Downloads\NEU-CLS\In_137.bmp,In_137.bmp,Inclusion,train
C:\Users\Letic\Downloads\NEU-CLS\RS_90.bmp,RS_90.bmp,Rolled-in_Scale,train
C:\Users\Letic\Downloads\NEU-CLS\Cr_254.bmp,Cr_254.bmp,Crazing,train
C:\Users\Letic\Downloads\NEU-CLS\PS_225.bmp,PS_225.bmp,Pitted_Surface,train
C:\Users\Letic\Downloads\NEU-CLS\RS_62.bmp,RS_62.bmp,Rolled-in_Scale,train
C:\Users\Letic\Downloads\NEU-CLS\Cr_83.bmp,Cr_83.bmp,Crazing,train
C:\Users\Letic\Downloads\NEU-CLS\In_223.bmp,In_223.bmp,Inclusion,train
C:\Users\Letic\Downloads\NEU-CLS\Pa_9.bmp,Pa_9.bmp,Patches,train
C:\Users\Letic\Downloads\NEU-CLS\Cr_82.bmp,Cr_82.bmp,Crazing,train
C:\Users\Letic\Downloads\NEU-CLS\In_195.bmp,In_195.bmp,Inclusion,train
C:\Users\Letic\Downloads\NEU-CLS\PS_260.bmp,PS_260.bmp,Pitted_Surface,train
C:\Users\Letic\Downloads\NEU-CLS\Sc_110.bmp,Sc_110.bmp,Scratches,train
C:\Users\Letic\Downloads\NEU-CLS\Sc_255.bmp,Sc_255.bmp,Scratches,train
C:\Users\Letic\Downloads\NEU-CLS\RS_38.bmp,RS_38.bmp,Rolled-in_Scale,train
C:\Users\Letic\Downloads\NEU-CLS\Sc_83.bmp,Sc_83.bmp,Scratches,train
C:\Users\Letic\Downloads\NEU-CLS\PS_298.bmp,PS_298.bmp,Pitted_Surface,train
C:\Users\Letic\Downloads\NEU-CLS\Sc_262.bmp,Sc_262.bmp,Scratches,train
C:\Users\Letic\Downloads\NEU-CLS\PS_23.bmp,PS_23.bmp,Pitted_Surface,train
C:\Users\Letic\Downloads\NEU-CLS\In_6.bmp,In_6.bmp,Inclusion,train
C:\Users\Letic\Downloads\NEU-CLS\Sc_119.bmp,Sc_119.bmp,Scratches,train
C:\Users\Letic\Downloads\NEU-CLS\Sc_253.bmp,Sc_253.bmp,Scratches,train
C:\Users\Letic\Downloads\NEU-CLS\PS_173.bmp,PS_173.bmp,Pitted_Surface,train
C:\Users\Letic\Downloads\NEU-CLS\Pa_275.bmp,Pa_275.bmp,Patches,train
C:\Users\Letic\Downloads\NEU-CLS\RS_227.bmp,RS_227.bmp,Rolled-in_Scale,train
C:\Users\Letic\Downloads\NEU-CLS\PS_39.bmp,PS_39.bmp,Pitted_Surface,train
C:\Users\Letic\Downloads\NEU-CLS\PS_165.bmp,PS_165.bmp,Pitted_Surface,train
C:\Users\Letic\Downloads\NEU-CLS\Pa_59.bmp,Pa_59.bmp,Patches,train
C:\Users\Letic\Downloads\NEU-CLS\Pa_250.bmp,Pa_250.bmp,Patches,train
C:\Users\Letic\Downloads\NEU-CLS\Sc_289.bmp,Sc_289.bmp,Scratches,train
C:\Users\Letic\Downloads\NEU-CLS\Sc_223.bmp,Sc_223.bmp,Scratches,train
C:\Users\Letic\Downloads\NEU-CLS\RS_174.bmp,RS_174.bmp,Rolled-in_Scale,train
C:\Users\Letic\Downloads\NEU-CLS\PS_110.bmp,PS_110.bmp,Pitted_Surface,train
C:\Users\Letic\Downloads\NEU-CLS\In_175.bmp,In_175.bmp,Inclusion,train
C:\Users\Letic\Downloads\NEU-CLS\PS_117.bmp,PS_117.bmp,Pitted_Surface,train
C:\Users\Letic\Downloads\NEU-CLS\Pa_132.bmp,Pa_132.bmp,Patches,train
C:\Users\Letic\Downloads\NEU-CLS\Sc_122.bmp,Sc_122.bmp,Scratches,train
C:\Users\Letic\Downloads\NEU-CLS\Cr_201.bmp,Cr_201.bmp,Crazing,train
C:\Users\Letic\Downloads\NEU-CLS\Cr_127.bmp,Cr_127.bmp,Crazing,train
C:\Users\Letic\Downloads\NEU-CLS\Sc_59.bmp,Sc_59.bmp,Scratches,train
C:\Users\Letic\Downloads\NEU-CLS\PS_129.bmp,PS_129.bmp,Pitted_Surface,train
C:\Users\Letic\Downloads\NEU-CLS\Pa_258.bmp,Pa_258.bmp,Patches,train
C:\Users\Letic\Downloads\NEU-CLS\In_134.bmp,In_134.bmp,Inclusion,train
C:\Users\Letic\Downloads\NEU-CLS\Sc_68.bmp,Sc_68.bmp,Scratches,train
C:\Users\Letic\Downloads\NEU-CLS\PS_48.bmp,PS_48.bmp,Pitted_Surface,train
C:\Users\Letic\Downloads\NEU-CLS\In_25.bmp,In_25.bmp,Inclusion,train
C:\Users\Letic\Downloads\NEU-CLS\RS_138.bmp,RS_138.bmp,Rolled-in_Scale,train
C:\Users\Letic\Downloads\NEU-CLS\Cr_49.bmp,Cr_49.bmp,Crazing,train
C:\Users\Letic\Downloads\NEU-CLS\PS_98.bmp,PS_98.bmp,Pitted_Surface,train
C:\Users\Letic\Downloads\NEU-CLS\Cr_158.bmp,Cr_158.bmp,Crazing,train
C:\Users\Letic\Downloads\NEU-CLS\Sc_166.bmp,Sc_166.bmp,Scratches,train
C:\Users\Letic\Downloads\NEU-CLS\PS_60.bmp,PS_60.bmp,Pitted_Surface,train
C:\Users\Letic\Downloads\NEU-CLS\RS_223.bmp,RS_223.bmp,Rolled-in_Scale,train
C:\Users\Letic\Downloads\NEU-CLS\Sc_27.bmp,Sc_27.bmp,Scratches,train
C:\Users\Letic\Downloads\NEU-CLS\Sc_88.bmp,Sc_88.bmp,Scratches,train
C:\Users\Letic\Downloads\NEU-CLS\PS_257.bmp,PS_257.bmp,Pitted_Surface,train
C:\Users\Letic\Downloads\NEU-CLS\Sc_15.bmp,Sc_15.bmp,Scratches,train
C:\Users\Letic\Downloads\NEU-CLS\Pa_183.bmp,Pa_183.bmp,Patches,train
C:\Users\Letic\Downloads\NEU-CLS\PS_66.bmp,PS_66.bmp,Pitted_Surface,train
C:\Users\Letic\Downloads\NEU-CLS\PS_172.bmp,PS_172.bmp,Pitted_Surface,train
C:\Users\Letic\Downloads\NEU-CLS\Pa_193.bmp,Pa_193.bmp,Patches,train
C:\Users\Letic\Downloads\NEU-CLS\PS_83.bmp,PS_83.bmp,Pitted_Surface,train
C:\Users\Letic\Downloads\NEU-CLS\Cr_50.bmp,Cr_50.bmp,Crazing,train
C:\Users\Letic\Downloads\NEU-CLS\Cr_126.bmp,Cr_126.bmp,Crazing,train
C:\Users\Letic\Downloads\NEU-CLS\PS_217.bmp,PS_217.bmp,Pitted_Surface,train
C:\Users\Letic\Downloads\NEU-CLS\Pa_179.bmp,Pa_179.bmp,Patches,train
C:\Users\Letic\Downloads\NEU-CLS\Pa_108.bmp,Pa_108.bmp,Patches,train
C:\Users\Letic\Downloads\NEU-CLS\Cr_53.bmp,Cr_53.bmp,Crazing,train
C:\Users\Letic\Downloads\NEU-CLS\Cr_77.bmp,Cr_77.bmp,Crazing,train
C:\Users\Letic\Downloads\NEU-CLS\RS_47.bmp,RS_47.bmp,Rolled-in_Scale,train
C:\Users\Letic\Downloads\NEU-CLS\Cr_180.bmp,Cr_180.bmp,Crazing,train
C:\Users\Letic\Downloads\NEU-CLS\RS_114.bmp,RS_114.bmp,Rolled-in_Scale,train
C:\Users\Letic\Downloads\NEU-CLS\PS_179.bmp,PS_179.bmp,Pitted_Surface,train
C:\Users\Letic\Downloads\NEU-CLS\Sc_208.bmp,Sc_208.bmp,Scratches,train
C:\Users\Letic\Downloads\NEU-CLS\In_242.bmp,In_242.bmp,Inclusion,train
C:\Users\Letic\Downloads\NEU-CLS\RS_33.bmp,RS_33.bmp,Rolled-in_Scale,train
C:\Users\Letic\Downloads\NEU-CLS\RS_86.bmp,RS_86.bmp,Rolled-in_Scale,train
C:\Users\Letic\Downloads\NEU-CLS\RS_4.bmp,RS_4.bmp,Rolled-in_Scale,train
C:\Users\Letic\Downloads\NEU-CLS\Pa_15.bmp,Pa_15.bmp,Patches,train
C:\Users\Letic\Downloads\NEU-CLS\Sc_143.bmp,Sc_143.bmp,Scratches,train
C:\Users\Letic\Downloads\NEU-CLS\In_229.bmp,In_229.bmp,Inclusion,train
C:\Users\Letic\Downloads\NEU-CLS\Pa_127.bmp,Pa_127.bmp,Patches,train
C:\Users\Letic\Downloads\NEU-CLS\Pa_257.bmp,Pa_257.bmp,Patches,train
C:\Users\Letic\Downloads\NEU-CLS\PS_240.bmp,PS_240.bmp,Pitted_Surface,train
C:\Users\Letic\Downloads\NEU-CLS\PS_72.bmp,PS_72.bmp,Pitted_Surface,train
C:\Users\Letic\Downloads\NEU-CLS\Cr_133.bmp,Cr_133.bmp,Crazing,train
C:\Users\Letic\Downloads\NEU-CLS\Pa_120.bmp,Pa_120.bmp,Patches,train
C:\Users\Letic\Downloads\NEU-CLS\RS_291.bmp,RS_291.bmp,Rolled-in_Scale,train
C:\Users\Letic\Downloads\NEU-CLS\Pa_276.bmp,Pa_276.bmp,Patches,train
C:\Users\Letic\Downloads\NEU-CLS\Sc_136.bmp,Sc_136.bmp,Scratches,train
C:\Users\Letic\Downloads\NEU-CLS\RS_180.bmp,RS_180.bmp,Rolled-in_Scale,train
C:\Users\Letic\Downloads\NEU-CLS\Pa_264.bmp,Pa_264.bmp,Patches,train
C:\Users\Letic\Downloads\NEU-CLS\In_132.bmp,In_132.bmp,Inclusion,train
C:\Users\Letic\Downloads\NEU-CLS\PS_196.bmp,PS_196.bmp,Pitted_Surface,train
C:\Users\Letic\Downloads\NEU-CLS\Cr_47.bmp,Cr_47.bmp,Crazing,train
C:\Users\Letic\Downloads\NEU-CLS\Cr_80.bmp,Cr_80.bmp,Crazing,train
C:\Users\Letic\Downloads\NEU-CLS\In_129.bmp,In_129.bmp,Inclusion,train
C:\Users\Letic\Downloads\NEU-CLS\In_19.bmp,In_19.bmp,Inclusion,train
C:\Users\Letic\Downloads\NEU-CLS\Cr_9.bmp,Cr_9.bmp,Crazing,train
C:\Users\Letic\Downloads\NEU-CLS\Sc_214.bmp,Sc_214.bmp,Scratches,train
C:\Users\Letic\Downloads\NEU-CLS\RS_258.bmp,RS_258.bmp,Rolled-in_Scale,train
C:\Users\Letic\Downloads\NEU-CLS\Sc_260.bmp,Sc_260.bmp,Scratches,train
C:\Users\Letic\Downloads\NEU-CLS\Cr_173.bmp,Cr_173.bmp,Crazing,train
C:\Users\Letic\Downloads\NEU-CLS\In_72.bmp,In_72.bmp,Inclusion,train
C:\Users\Letic\Downloads\NEU-CLS\Sc_4.bmp,Sc_4.bmp,Scratches,train
C:\Users\Letic\Downloads\NEU-CLS\In_98.bmp,In_98.bmp,Inclusion,train
C:\Users\Letic\Downloads\NEU-CLS\Pa_67.bmp,Pa_67.bmp,Patches,train
C:\Users\Letic\Downloads\NEU-CLS\PS_36.bmp,PS_36.bmp,Pitted_Surface,train
C:\Users\Letic\Downloads\NEU-CLS\Pa_176.bmp,Pa_176.bmp,Patches,train
C:\Users\Letic\Downloads\NEU-CLS\PS_100.bmp,PS_100.bmp,Pitted_Surface,train
C:\Users\Letic\Downloads\NEU-CLS\Cr_36.bmp,Cr_36.bmp,Crazing,train
C:\Users\Letic\Downloads\NEU-CLS\Pa_122.bmp,Pa_122.bmp,Patches,train
C:\Users\Letic\Downloads\NEU-CLS\Sc_6.bmp,Sc_6.bmp,Scratches,train
C:\Users\Letic\Downloads\NEU-CLS\In_275.bmp,In_275.bmp,Inclusion,train
C:\Users\Letic\Downloads\NEU-CLS\In_73.bmp,In_73.bmp,Inclusion,train
C:\Users\Letic\Downloads\NEU-CLS\PS_120.bmp,PS_120.bmp,Pitted_Surface,train
C:\Users\Letic\Downloads\NEU-CLS\Pa_4.bmp,Pa_4.bmp,Patches,train
C:\Users\Letic\Downloads\NEU-CLS\Sc_273.bmp,Sc_273.bmp,Scratches,train
C:\Users\Letic\Downloads\NEU-CLS\PS_88.bmp,PS_88.bmp,Pitted_Surface,train
C:\Users\Letic\Downloads\NEU-CLS\Pa_188.bmp,Pa_188.bmp,Patches,train
C:\Users\Letic\Downloads\NEU-CLS\PS_295.bmp,PS_295.bmp,Pitted_Surface,train
C:\Users\Letic\Downloads\NEU-CLS\Pa_2.bmp,Pa_2.bmp,Patches,train
C:\Users\Letic\Downloads\NEU-CLS\RS_207.bmp,RS_207.bmp,Rolled-in_Scale,train
C:\Users\Letic\Downloads\NEU-CLS\In_2.bmp,In_2.bmp,Inclusion,train
C:\Users\Letic\Downloads\NEU-CLS\Sc_194.bmp,Sc_194.bmp,Scratches,train
C:\Users\Letic\Downloads\NEU-CLS\In_18.bmp,In_18.bmp,Inclusion,train
C:\Users\Letic\Downloads\NEU-CLS\Pa_54.bmp,Pa_54.bmp,Patches,train
C:\Users\Letic\Downloads\NEU-CLS\Pa_41.bmp,Pa_41.bmp,Patches,train
C:\Users\Letic\Downloads\NEU-CLS\Pa_150.bmp,Pa_150.bmp,Patches,train
C:\Users\Letic\Downloads\NEU-CLS\PS_55.bmp,PS_55.bmp,Pitted_Surface,train
C:\Users\Letic\Downloads\NEU-CLS\PS_162.bmp,PS_162.bmp,Pitted_Surface,train
C:\Users\Letic\Downloads\NEU-CLS\Cr_119.bmp,Cr_119.bmp,Crazing,train
C:\Users\Letic\Downloads\NEU-CLS\RS_78.bmp,RS_78.bmp,Rolled-in_Scale,train
C:\Users\Letic\Downloads\NEU-CLS\Sc_205.bmp,Sc_205.bmp,Scratches,train
C:\Users\Letic\Downloads\NEU-CLS\RS_286.bmp,RS_286.bmp,Rolled-in_Scale,train
C:\Users\Letic\Downloads\NEU-CLS\Cr_20.bmp,Cr_20.bmp,Crazing,train
C:\Users\Letic\Downloads\NEU-CLS\Sc_126.bmp,Sc_126.bmp,Scratches,train
C:\Users\Letic\Downloads\NEU-CLS\In_283.bmp,In_283.bmp,Inclusion,train
C:\Users\Letic\Downloads\NEU-CLS\PS_185.bmp,PS_185.bmp,Pitted_Surface,train
C:\Users\Letic\Downloads\NEU-CLS\In_280.bmp,In_280.bmp,Inclusion,train
C:\Users\Letic\Downloads\NEU-CLS\In_118.bmp,In_118.bmp,Inclusion,train
C:\Users\Letic\Downloads\NEU-CLS\Sc_239.bmp,Sc_239.bmp,Scratches,train
C:\Users\Letic\Downloads\NEU-CLS\Sc_264.bmp,Sc_264.bmp,Scratches,train
C:\Users\Letic\Downloads\NEU-CLS\Cr_198.bmp,Cr_198.bmp,Crazing,train
C:\Users\Letic\Downloads\NEU-CLS\In_102.bmp,In_102.bmp,Inclusion,train
C:\Users\Letic\Downloads\NEU-CLS\Cr_74.bmp,Cr_74.bmp,Crazing,train
C:\Users\Letic\Downloads\NEU-CLS\Sc_191.bmp,Sc_191.bmp,Scratches,train
C:\Users\Letic\Downloads\NEU-CLS\Sc_217.bmp,Sc_217.bmp,Scratches,train
C:\Users\Letic\Downloads\NEU-CLS\Cr_192.bmp,Cr_192.bmp,Crazing,train
C:\Users\Letic\Downloads\NEU-CLS\Cr_2.bmp,Cr_2.bmp,Crazing,train
C:\Users\Letic\Downloads\NEU-CLS\Cr_226.bmp,Cr_226.bmp,Crazing,train
C:\Users\Letic\Downloads\NEU-CLS\RS_272.bmp,RS_272.bmp,Rolled-in_Scale,train
C:\Users\Letic\Downloads\NEU-CLS\Cr_19.bmp,Cr_19.bmp,Crazing,train
C:\Users\Letic\Downloads\NEU-CLS\Pa_30.bmp,Pa_30.bmp,Patches,train
C:\Users\Letic\Downloads\NEU-CLS\Cr_275.bmp,Cr_275.bmp,Crazing,train
C:\Users\Letic\Downloads\NEU-CLS\In_67.bmp,In_67.bmp,Inclusion,train
C:\Users\Letic\Downloads\NEU-CLS\Pa_37.bmp,Pa_37.bmp,Patches,train
C:\Users\Letic\Downloads\NEU-CLS\Cr_203.bmp,Cr_203.bmp,Crazing,train
C:\Users\Letic\Downloads\NEU-CLS\Cr_116.bmp,Cr_116.bmp,Crazing,train
C:\Users\Letic\Downloads\NEU-CLS\PS_49.bmp,PS_49.bmp,Pitted_Surface,train
C:\Users\Letic\Downloads\NEU-CLS\PS_56.bmp,PS_56.bmp,Pitted_Surface,train
C:\Users\Letic\Downloads\NEU-CLS\PS_163.bmp,PS_163.bmp,Pitted_Surface,train
C:\Users\Letic\Downloads\NEU-CLS\RS_141.bmp,RS_141.bmp,Rolled-in_Scale,train
C:\Users\Letic\Downloads\NEU-CLS\In_60.bmp,In_60.bmp,Inclusion,train
C:\Users\Letic\Downloads\NEU-CLS\Sc_112.bmp,Sc_112.bmp,Scratches,train
C:\Users\Letic\Downloads\NEU-CLS\Sc_299.bmp,Sc_299.bmp,Scratches,train
C:\Users\Letic\Downloads\NEU-CLS\PS_286.bmp,PS_286.bmp,Pitted_Surface,train
C:\Users\Letic\Downloads\NEU-CLS\Sc_190.bmp,Sc_190.bmp,Scratches,train
C:\Users\Letic\Downloads\NEU-CLS\In_110.bmp,In_110.bmp,Inclusion,train
C:\Users\Letic\Downloads\NEU-CLS\PS_228.bmp,PS_228.bmp,Pitted_Surface,train
C:\Users\Letic\Downloads\NEU-CLS\In_151.bmp,In_151.bmp,Inclusion,train
C:\Users\Letic\Downloads\NEU-CLS\In_17.bmp,In_17.bmp,Inclusion,train
C:\Users\Letic\Downloads\NEU-CLS\RS_41.bmp,RS_41.bmp,Rolled-in_Scale,train
C:\Users\Letic\Downloads\NEU-CLS\Sc_133.bmp,Sc_133.bmp,Scratches,train
C:\Users\Letic\Downloads\NEU-CLS\Sc_42.bmp,Sc_42.bmp,Scratches,train
C:\Users\Letic\Downloads\NEU-CLS\In_94.bmp,In_94.bmp,Inclusion,train
C:\Users\Letic\Downloads\NEU-CLS\Cr_65.bmp,Cr_65.bmp,Crazing,train
C:\Users\Letic\Downloads\NEU-CLS\Sc_228.bmp,Sc_228.bmp,Scratches,train
C:\Users\Letic\Downloads\NEU-CLS\In_284.bmp,In_284.bmp,Inclusion,train
C:\Users\Letic\Downloads\NEU-CLS\Cr_79.bmp,Cr_79.bmp,Crazing,train
C:\Users\Letic\Downloads\NEU-CLS\In_277.bmp,In_277.bmp,Inclusion,train
C:\Users\Letic\Downloads\NEU-CLS\PS_135.bmp,PS_135.bmp,Pitted_Surface,train
C:\Users\Letic\Downloads\NEU-CLS\Pa_288.bmp,Pa_288.bmp,Patches,train
C:\Users\Letic\Downloads\NEU-CLS\RS_145.bmp,RS_145.bmp,Rolled-in_Scale,train
C:\Users\Letic\Downloads\NEU-CLS\Pa_55.bmp,Pa_55.bmp,Patches,train
C:\Users\Letic\Downloads\NEU-CLS\Pa_172.bmp,Pa_172.bmp,Patches,train
C:\Users\Letic\Downloads\NEU-CLS\In_35.bmp,In_35.bmp,Inclusion,train
C:\Users\Letic\Downloads\NEU-CLS\Sc_127.bmp,Sc_127.bmp,Scratches,train
C:\Users\Letic\Downloads\NEU-CLS\RS_115.bmp,RS_115.bmp,Rolled-in_Scale,train
C:\Users\Letic\Downloads\NEU-CLS\In_49.bmp,In_49.bmp,Inclusion,train
C:\Users\Letic\Downloads\NEU-CLS\Sc_35.bmp,Sc_35.bmp,Scratches,train
C:\Users\Letic\Downloads\NEU-CLS\Cr_95.bmp,Cr_95.bmp,Crazing,train
C:\Users\Letic\Downloads\NEU-CLS\RS_228.bmp,RS_228.bmp,Rolled-in_Scale,train
C:\Users\Letic\Downloads\NEU-CLS\RS_224.bmp,RS_224.bmp,Rolled-in_Scale,train
C:\Users\Letic\Downloads\NEU-CLS\RS_290.bmp,RS_290.bmp,Rolled-in_Scale,train
C:\Users\Letic\Downloads\NEU-CLS\In_196.bmp,In_196.bmp,Inclusion,train
C:\Users\Letic\Downloads\NEU-CLS\RS_194.bmp,RS_194.bmp,Rolled-in_Scale,train
C:\Users\Letic\Downloads\NEU-CLS\Pa_279.bmp,Pa_279.bmp,Patches,train
C:\Users\Letic\Downloads\NEU-CLS\PS_190.bmp,PS_190.bmp,Pitted_Surface,train
C:\Users\Letic\Downloads\NEU-CLS\In_145.bmp,In_145.bmp,Inclusion,train
C:\Users\Letic\Downloads\NEU-CLS\In_245.bmp,In_245.bmp,Inclusion,train
C:\Users\Letic\Downloads\NEU-CLS\Pa_292.bmp,Pa_292.bmp,Patches,train
C:\Users\Letic\Downloads\NEU-CLS\RS_158.bmp,RS_158.bmp,Rolled-in_Scale,train
C:\Users\Letic\Downloads\NEU-CLS\RS_218.bmp,RS_218.bmp,Rolled-in_Scale,train
C:\Users\Letic\Downloads\NEU-CLS\Pa_144.bmp,Pa_144.bmp,Patches,train
C:\Users\Letic\Downloads\NEU-CLS\Sc_109.bmp,Sc_109.bmp,Scratches,train
C:\Users\Letic\Downloads\NEU-CLS\RS_190.bmp,RS_190.bmp,Rolled-in_Scale,train
C:\Users\Letic\Downloads\NEU-CLS\RS_103.bmp,RS_103.bmp,Rolled-in_Scale,train
C:\Users\Letic\Downloads\NEU-CLS\RS_69.bmp,RS_69.bmp,Rolled-in_Scale,train
C:\Users\Letic\Downloads\NEU-CLS\Pa_186.bmp,Pa_186.bmp,Patches,train
C:\Users\Letic\Downloads\NEU-CLS\Sc_38.bmp,Sc_38.bmp,Scratches,train
C:\Users\Letic\Downloads\NEU-CLS\In_252.bmp,In_252.bmp,Inclusion,train
C:\Users\Letic\Downloads\NEU-CLS\PS_202.bmp,PS_202.bmp,Pitted_Surface,train
C:\Users\Letic\Downloads\NEU-CLS\Sc_85.bmp,Sc_85.bmp,Scratches,train
C:\Users\Letic\Downloads\NEU-CLS\RS_112.bmp,RS_112.bmp,Rolled-in_Scale,train
C:\Users\Letic\Downloads\NEU-CLS\Sc_267.bmp,Sc_267.bmp,Scratches,train
C:\Users\Letic\Downloads\NEU-CLS\Cr_124.bmp,Cr_124.bmp,Crazing,train
C:\Users\Letic\Downloads\NEU-CLS\PS_30.bmp,PS_30.bmp,Pitted_Surface,train
C:\Users\Letic\Downloads\NEU-CLS\PS_138.bmp,PS_138.bmp,Pitted_Surface,train
C:\Users\Letic\Downloads\NEU-CLS\PS_7.bmp,PS_7.bmp,Pitted_Surface,train
C:\Users\Letic\Downloads\NEU-CLS\In_7.bmp,In_7.bmp,Inclusion,train
C:\Users\Letic\Downloads\NEU-CLS\Sc_104.bmp,Sc_104.bmp,Scratches,train
C:\Users\Letic\Downloads\NEU-CLS\In_291.bmp,In_291.bmp,Inclusion,train
C:\Users\Letic\Downloads\NEU-CLS\RS_95.bmp,RS_95.bmp,Rolled-in_Scale,train
C:\Users\Letic\Downloads\NEU-CLS\In_160.bmp,In_160.bmp,Inclusion,train
C:\Users\Letic\Downloads\NEU-CLS\PS_158.bmp,PS_158.bmp,Pitted_Surface,train
C:\Users\Letic\Downloads\NEU-CLS\Cr_204.bmp,Cr_204.bmp,Crazing,train
C:\Users\Letic\Downloads\NEU-CLS\RS_93.bmp,RS_93.bmp,Rolled-in_Scale,train
C:\Users\Letic\Downloads\NEU-CLS\Pa_85.bmp,Pa_85.bmp,Patches,train
C:\Users\Letic\Downloads\NEU-CLS\In_286.bmp,In_286.bmp,Inclusion,train
C:\Users\Letic\Downloads\NEU-CLS\RS_13.bmp,RS_13.bmp,Rolled-in_Scale,train
C:\Users\Letic\Downloads\NEU-CLS\Sc_220.bmp,Sc_220.bmp,Scratches,train
C:\Users\Letic\Downloads\NEU-CLS\PS_33.bmp,PS_33.bmp,Pitted_Surface,train
C:\Users\Letic\Downloads\NEU-CLS\Pa_241.bmp,Pa_241.bmp,Patches,train
C:\Users\Letic\Downloads\NEU-CLS\Pa_285.bmp,Pa_285.bmp,Patches,train
C:\Users\Letic\Downloads\NEU-CLS\Pa_90.bmp,Pa_90.bmp,Patches,train
C:\Users\Letic\Downloads\NEU-CLS\Pa_96.bmp,Pa_96.bmp,Patches,train
C:\Users\Letic\Downloads\NEU-CLS\In_115.bmp,In_115.bmp,Inclusion,train
C:\Users\Letic\Downloads\NEU-CLS\In_52.bmp,In_52.bmp,Inclusion,train
C:\Users\Letic\Downloads\NEU-CLS\PS_251.bmp,PS_251.bmp,Pitted_Surface,train
C:\Users\Letic\Downloads\NEU-CLS\RS_35.bmp,RS_35.bmp,Rolled-in_Scale,train
C:\Users\Letic\Downloads\NEU-CLS\In_190.bmp,In_190.bmp,Inclusion,train
C:\Users\Letic\Downloads\NEU-CLS\In_182.bmp,In_182.bmp,Inclusion,train
C:\Users\Letic\Downloads\NEU-CLS\Pa_189.bmp,Pa_189.bmp,Patches,train
C:\Users\Letic\Downloads\NEU-CLS\RS_111.bmp,RS_111.bmp,Rolled-in_Scale,train
C:\Users\Letic\Downloads\NEU-CLS\Cr_207.bmp,Cr_207.bmp,Crazing,train
C:\Users\Letic\Downloads\NEU-CLS\Pa_259.bmp,Pa_259.bmp,Patches,train
C:\Users\Letic\Downloads\NEU-CLS\Sc_49.bmp,Sc_49.bmp,Scratches,train
C:\Users\Letic\Downloads\NEU-CLS\In_76.bmp,In_76.bmp,Inclusion,train
C:\Users\Letic\Downloads\NEU-CLS\Pa_53.bmp,Pa_53.bmp,Patches,train
C:\Users\Letic\Downloads\NEU-CLS\RS_129.bmp,RS_129.bmp,Rolled-in_Scale,train
C:\Users\Letic\Downloads\NEU-CLS\RS_49.bmp,RS_49.bmp,Rolled-in_Scale,train
C:\Users\Letic\Downloads\NEU-CLS\Sc_114.bmp,Sc_114.bmp,Scratches,train
C:\Users\Letic\Downloads\NEU-CLS\Pa_210.bmp,Pa_210.bmp,Patches,train
C:\Users\Letic\Downloads\NEU-CLS\Pa_71.bmp,Pa_71.bmp,Patches,train
C:\Users\Letic\Downloads\NEU-CLS\Cr_30.bmp,Cr_30.bmp,Crazing,train
C:\Users\Letic\Downloads\NEU-CLS\Sc_296.bmp,Sc_296.bmp,Scratches,train
C:\Users\Letic\Downloads\NEU-CLS\Sc_113.bmp,Sc_113.bmp,Scratches,train
C:\Users\Letic\Downloads\NEU-CLS\PS_231.bmp,PS_231.bmp,Pitted_Surface,train
C:\Users\Letic\Downloads\NEU-CLS\In_146.bmp,In_146.bmp,Inclusion,train
C:\Users\Letic\Downloads\NEU-CLS\RS_179.bmp,RS_179.bmp,Rolled-in_Scale,train
C:\Users\Letic\Downloads\NEU-CLS\PS_114.bmp,PS_114.bmp,Pitted_Surface,train
C:\Users\Letic\Downloads\NEU-CLS\PS_230.bmp,PS_230.bmp,Pitted_Surface,train
C:\Users\Letic\Downloads\NEU-CLS\PS_180.bmp,PS_180.bmp,Pitted_Surface,train
C:\Users\Letic\Downloads\NEU-CLS\Cr_109.bmp,Cr_109.bmp,Crazing,train
C:\Users\Letic\Downloads\NEU-CLS\In_225.bmp,In_225.bmp,Inclusion,train
C:\Users\Letic\Downloads\NEU-CLS\In_279.bmp,In_279.bmp,Inclusion,train
C:\Users\Letic\Downloads\NEU-CLS\PS_38.bmp,PS_38.bmp,Pitted_Surface,train
C:\Users\Letic\Downloads\NEU-CLS\RS_25.bmp,RS_25.bmp,Rolled-in_Scale,train
C:\Users\Letic\Downloads\NEU-CLS\Cr_239.bmp,Cr_239.bmp,Crazing,train
C:\Users\Letic\Downloads\NEU-CLS\Cr_37.bmp,Cr_37.bmp,Crazing,train
C:\Users\Letic\Downloads\NEU-CLS\Pa_167.bmp,Pa_167.bmp,Patches,train
C:\Users\Letic\Downloads\NEU-CLS\Pa_72.bmp,Pa_72.bmp,Patches,train
C:\Users\Letic\Downloads\NEU-CLS\PS_282.bmp,PS_282.bmp,Pitted_Surface,train
C:\Users\Letic\Downloads\NEU-CLS\Sc_268.bmp,Sc_268.bmp,Scratches,train
C:\Users\Letic\Downloads\NEU-CLS\Sc_203.bmp,Sc_203.bmp,Scratches,train
C:\Users\Letic\Downloads\NEU-CLS\In_206.bmp,In_206.bmp,Inclusion,train
C:\Users\Letic\Downloads\NEU-CLS\Cr_57.bmp,Cr_57.bmp,Crazing,train
C:\Users\Letic\Downloads\NEU-CLS\Cr_211.bmp,Cr_211.bmp,Crazing,train
C:\Users\Letic\Downloads\NEU-CLS\Cr_253.bmp,Cr_253.bmp,Crazing,train
C:\Users\Letic\Downloads\NEU-CLS\Cr_75.bmp,Cr_75.bmp,Crazing,train
C:\Users\Letic\Downloads\NEU-CLS\Sc_198.bmp,Sc_198.bmp,Scratches,train
C:\Users\Letic\Downloads\NEU-CLS\RS_14.bmp,RS_14.bmp,Rolled-in_Scale,train
C:\Users\Letic\Downloads\NEU-CLS\RS_6.bmp,RS_6.bmp,Rolled-in_Scale,train
C:\Users\Letic\Downloads\NEU-CLS\RS_81.bmp,RS_81.bmp,Rolled-in_Scale,train
C:\Users\Letic\Downloads\NEU-CLS\RS_281.bmp,RS_281.bmp,Rolled-in_Scale,train
C:\Users\Letic\Downloads\NEU-CLS\PS_275.bmp,PS_275.bmp,Pitted_Surface,train
C:\Users\Letic\Downloads\NEU-CLS\In_288.bmp,In_288.bmp,Inclusion,train
C:\Users\Letic\Downloads\NEU-CLS\Sc_197.bmp,Sc_197.bmp,Scratches,train
C:\Users\Letic\Downloads\NEU-CLS\Pa_274.bmp,Pa_274.bmp,Patches,train
C:\Users\Letic\Downloads\NEU-CLS\RS_235.bmp,RS_235.bmp,Rolled-in_Scale,train
C:\Users\Letic\Downloads\NEU-CLS\Pa_246.bmp,Pa_246.bmp,Patches,train
C:\Users\Letic\Downloads\NEU-CLS\RS_288.bmp,RS_288.bmp,Rolled-in_Scale,train
C:\Users\Letic\Downloads\NEU-CLS\PS_71.bmp,PS_71.bmp,Pitted_Surface,train
C:\Users\Letic\Downloads\NEU-CLS\Sc_22.bmp,Sc_22.bmp,Scratches,train
C:\Users\Letic\Downloads\NEU-CLS\In_92.bmp,In_92.bmp,Inclusion,train
C:\Users\Letic\Downloads\NEU-CLS\Pa_227.bmp,Pa_227.bmp,Patches,train
C:\Users\Letic\Downloads\NEU-CLS\Pa_44.bmp,Pa_44.bmp,Patches,train
C:\Users\Letic\Downloads\NEU-CLS\PS_144.bmp,PS_144.bmp,Pitted_Surface,train
C:\Users\Letic\Downloads\NEU-CLS\RS_68.bmp,RS_68.bmp,Rolled-in_Scale,train
C:\Users\Letic\Downloads\NEU-CLS\In_20.bmp,In_20.bmp,Inclusion,train
C:\Users\Letic\Downloads\NEU-CLS\PS_8.bmp,PS_8.bmp,Pitted_Surface,train
C:\Users\Letic\Downloads\NEU-CLS\Pa_143.bmp,Pa_143.bmp,Patches,train
C:\Users\Letic\Downloads\NEU-CLS\Sc_263.bmp,Sc_263.bmp,Scratches,train
C:\Users\Letic\Downloads\NEU-CLS\In_247.bmp,In_247.bmp,Inclusion,train
C:\Users\Letic\Downloads\NEU-CLS\Cr_14.bmp,Cr_14.bmp,Crazing,train
C:\Users\Letic\Downloads\NEU-CLS\Cr_167.bmp,Cr_167.bmp,Crazing,train
C:\Users\Letic\Downloads\NEU-CLS\Pa_235.bmp,Pa_235.bmp,Patches,train
C:\Users\Letic\Downloads\NEU-CLS\PS_247.bmp,PS_247.bmp,Pitted_Surface,train
C:\Users\Letic\Downloads\NEU-CLS\Pa_147.bmp,Pa_147.bmp,Patches,train
C:\Users\Letic\Downloads\NEU-CLS\In_262.bmp,In_262.bmp,Inclusion,train
C:\Users\Letic\Downloads\NEU-CLS\PS_299.bmp,PS_299.bmp,Pitted_Surface,train
C:\Users\Letic\Downloads\NEU-CLS\PS_115.bmp,PS_115.bmp,Pitted_Surface,train
C:\Users\Letic\Downloads\NEU-CLS\In_154.bmp,In_154.bmp,Inclusion,train
C:\Users\Letic\Downloads\NEU-CLS\Cr_96.bmp,Cr_96.bmp,Crazing,train
C:\Users\Letic\Downloads\NEU-CLS\Pa_222.bmp,Pa_222.bmp,Patches,train
C:\Users\Letic\Downloads\NEU-CLS\PS_149.bmp,PS_149.bmp,Pitted_Surface,train
C:\Users\Letic\Downloads\NEU-CLS\Pa_149.bmp,Pa_149.bmp,Patches,train
C:\Users\Letic\Downloads\NEU-CLS\RS_22.bmp,RS_22.bmp,Rolled-in_Scale,train
C:\Users\Letic\Downloads\NEU-CLS\RS_29.bmp,RS_29.bmp,Rolled-in_Scale,train
C:\Users\Letic\Downloads\NEU-CLS\RS_209.bmp,RS_209.bmp,Rolled-in_Scale,train
C:\Users\Letic\Downloads\NEU-CLS\Cr_52.bmp,Cr_52.bmp,Crazing,train
C:\Users\Letic\Downloads\NEU-CLS\Pa_40.bmp,Pa_40.bmp,Patches,train
C:\Users\Letic\Downloads\NEU-CLS\PS_211.bmp,PS_211.bmp,Pitted_Surface,train
C:\Users\Letic\Downloads\NEU-CLS\Pa_238.bmp,Pa_238.bmp,Patches,train
C:\Users\Letic\Downloads\NEU-CLS\Pa_202.bmp,Pa_202.bmp,Patches,train
C:\Users\Letic\Downloads\NEU-CLS\Sc_282.bmp,Sc_282.bmp,Scratches,train
C:\Users\Letic\Downloads\NEU-CLS\Cr_281.bmp,Cr_281.bmp,Crazing,train
C:\Users\Letic\Downloads\NEU-CLS\Sc_115.bmp,Sc_115.bmp,Scratches,train
C:\Users\Letic\Downloads\NEU-CLS\Pa_3.bmp,Pa_3.bmp,Patches,train
C:\Users\Letic\Downloads\NEU-CLS\RS_87.bmp,RS_87.bmp,Rolled-in_Scale,train
C:\Users\Letic\Downloads\NEU-CLS\RS_164.bmp,RS_164.bmp,Rolled-in_Scale,train
C:\Users\Letic\Downloads\NEU-CLS\In_95.bmp,In_95.bmp,Inclusion,train
C:\Users\Letic\Downloads\NEU-CLS\In_26.bmp,In_26.bmp,Inclusion,train
C:\Users\Letic\Downloads\NEU-CLS\In_28.bmp,In_28.bmp,Inclusion,train
C:\Users\Letic\Downloads\NEU-CLS\PS_291.bmp,PS_291.bmp,Pitted_Surface,train
C:\Users\Letic\Downloads\NEU-CLS\Pa_91.bmp,Pa_91.bmp,Patches,train
C:\Users\Letic\Downloads\NEU-CLS\Pa_158.bmp,Pa_158.bmp,Patches,train
C:\Users\Letic\Downloads\NEU-CLS\In_244.bmp,In_244.bmp,Inclusion,train
C:\Users\Letic\Downloads\NEU-CLS\Pa_156.bmp,Pa_156.bmp,Patches,train
C:\Users\Letic\Downloads\NEU-CLS\PS_186.bmp,PS_186.bmp,Pitted_Surface,train
C:\Users\Letic\Downloads\NEU-CLS\Cr_241.bmp,Cr_241.bmp,Crazing,train
C:\Users\Letic\Downloads\NEU-CLS\Sc_125.bmp,Sc_125.bmp,Scratches,train
C:\Users\Letic\Downloads\NEU-CLS\RS_233.bmp,RS_233.bmp,Rolled-in_Scale,train
C:\Users\Letic\Downloads\NEU-CLS\Cr_64.bmp,Cr_64.bmp,Crazing,train
C:\Users\Letic\Downloads\NEU-CLS\RS_260.bmp,RS_260.bmp,Rolled-in_Scale,train
C:\Users\Letic\Downloads\NEU-CLS\In_81.bmp,In_81.bmp,Inclusion,train
C:\Users\Letic\Downloads\NEU-CLS\Sc_174.bmp,Sc_174.bmp,Scratches,train
C:\Users\Letic\Downloads\NEU-CLS\Cr_160.bmp,Cr_160.bmp,Crazing,train
C:\Users\Letic\Downloads\NEU-CLS\Cr_175.bmp,Cr_175.bmp,Crazing,train
C:\Users\Letic\Downloads\NEU-CLS\Pa_160.bmp,Pa_160.bmp,Patches,train
C:\Users\Letic\Downloads\NEU-CLS\Pa_104.bmp,Pa_104.bmp,Patches,train
C:\Users\Letic\Downloads\NEU-CLS\Cr_283.bmp,Cr_283.bmp,Crazing,train
C:\Users\Letic\Downloads\NEU-CLS\PS_87.bmp,PS_87.bmp,Pitted_Surface,train
C:\Users\Letic\Downloads\NEU-CLS\In_224.bmp,In_224.bmp,Inclusion,train
C:\Users\Letic\Downloads\NEU-CLS\Sc_185.bmp,Sc_185.bmp,Scratches,train
C:\Users\Letic\Downloads\NEU-CLS\RS_251.bmp,RS_251.bmp,Rolled-in_Scale,train
C:\Users\Letic\Downloads\NEU-CLS\Sc_271.bmp,Sc_271.bmp,Scratches,train
C:\Users\Letic\Downloads\NEU-CLS\PS_159.bmp,PS_159.bmp,Pitted_Surface,train
C:\Users\Letic\Downloads\NEU-CLS\RS_117.bmp,RS_117.bmp,Rolled-in_Scale,train
C:\Users\Letic\Downloads\NEU-CLS\Pa_10.bmp,Pa_10.bmp,Patches,train
C:\Users\Letic\Downloads\NEU-CLS\PS_70.bmp,PS_70.bmp,Pitted_Surface,train
C:\Users\Letic\Downloads\NEU-CLS\RS_26.bmp,RS_26.bmp,Rolled-in_Scale,train
C:\Users\Letic\Downloads\NEU-CLS\PS_62.bmp,PS_62.bmp,Pitted_Surface,train
C:\Users\Letic\Downloads\NEU-CLS\RS_150.bmp,RS_150.bmp,Rolled-in_Scale,train
C:\Users\Letic\Downloads\NEU-CLS\Sc_167.bmp,Sc_167.bmp,Scratches,train
C:\Users\Letic\Downloads\NEU-CLS\PS_17.bmp,PS_17.bmp,Pitted_Surface,train
C:\Users\Letic\Downloads\NEU-CLS\In_37.bmp,In_37.bmp,Inclusion,train
C:\Users\Letic\Downloads\NEU-CLS\Pa_286.bmp,Pa_286.bmp,Patches,train
C:\Users\Letic\Downloads\NEU-CLS\RS_267.bmp,RS_267.bmp,Rolled-in_Scale,train
C:\Users\Letic\Downloads\NEU-CLS\Sc_234.bmp,Sc_234.bmp,Scratches,train
C:\Users\Letic\Downloads\NEU-CLS\Pa_125.bmp,Pa_125.bmp,Patches,train
C:\Users\Letic\Downloads\NEU-CLS\PS_95.bmp,PS_95.bmp,Pitted_Surface,train
C:\Users\Letic\Downloads\NEU-CLS\Cr_210.bmp,Cr_210.bmp,Crazing,train
C:\Users\Letic\Downloads\NEU-CLS\Sc_199.bmp,Sc_199.bmp,Scratches,train
C:\Users\Letic\Downloads\NEU-CLS\Cr_267.bmp,Cr_267.bmp,Crazing,train
C:\Users\Letic\Downloads\NEU-CLS\Sc_111.bmp,Sc_111.bmp,Scratches,train
C:\Users\Letic\Downloads\NEU-CLS\Cr_32.bmp,Cr_32.bmp,Crazing,train
C:\Users\Letic\Downloads\NEU-CLS\RS_102.bmp,RS_102.bmp,Rolled-in_Scale,train
C:\Users\Letic\Downloads\NEU-CLS\Cr_277.bmp,Cr_277.bmp,Crazing,train
C:\Users\Letic\Downloads\NEU-CLS\PS_181.bmp,PS_181.bmp,Pitted_Surface,train
C:\Users\Letic\Downloads\NEU-CLS\In_299.bmp,In_299.bmp,Inclusion,train
C:\Users\Letic\Downloads\NEU-CLS\Pa_131.bmp,Pa_131.bmp,Patches,train
C:\Users\Letic\Downloads\NEU-CLS\RS_195.bmp,RS_195.bmp,Rolled-in_Scale,train
C:\Users\Letic\Downloads\NEU-CLS\PS_112.bmp,PS_112.bmp,Pitted_Surface,train
C:\Users\Letic\Downloads\NEU-CLS\Cr_230.bmp,Cr_230.bmp,Crazing,train
C:\Users\Letic\Downloads\NEU-CLS\RS_83.bmp,RS_83.bmp,Rolled-in_Scale,train
C:\Users\Letic\Downloads\NEU-CLS\Pa_178.bmp,Pa_178.bmp,Patches,train
C:\Users\Letic\Downloads\NEU-CLS\RS_123.bmp,RS_123.bmp,Rolled-in_Scale,train
C:\Users\Letic\Downloads\NEU-CLS\In_289.bmp,In_289.bmp,Inclusion,train
C:\Users\Letic\Downloads\NEU-CLS\RS_215.bmp,RS_215.bmp,Rolled-in_Scale,train
C:\Users\Letic\Downloads\NEU-CLS\Cr_26.bmp,Cr_26.bmp,Crazing,train
C:\Users\Letic\Downloads\NEU-CLS\Cr_108.bmp,Cr_108.bmp,Crazing,train
C:\Users\Letic\Downloads\NEU-CLS\Cr_176.bmp,Cr_176.bmp,Crazing,train
C:\Users\Letic\Downloads\NEU-CLS\In_209.bmp,In_209.bmp,Inclusion,train
C:\Users\Letic\Downloads\NEU-CLS\In_274.bmp,In_274.bmp,Inclusion,train
C:\Users\Letic\Downloads\NEU-CLS\Pa_214.bmp,Pa_214.bmp,Patches,train
C:\Users\Letic\Downloads\NEU-CLS\In_63.bmp,In_63.bmp,Inclusion,train
C:\Users\Letic\Downloads\NEU-CLS\Cr_102.bmp,Cr_102.bmp,Crazing,train
C:\Users\Letic\Downloads\NEU-CLS\PS_84.bmp,PS_84.bmp,Pitted_Surface,train
C:\Users\Letic\Downloads\NEU-CLS\RS_210.bmp,RS_210.bmp,Rolled-in_Scale,train
C:\Users\Letic\Downloads\NEU-CLS\PS_65.bmp,PS_65.bmp,Pitted_Surface,train
C:\Users\Letic\Downloads\NEU-CLS\PS_118.bmp,PS_118.bmp,Pitted_Surface,train
C:\Users\Letic\Downloads\NEU-CLS\In_55.bmp,In_55.bmp,Inclusion,train
C:\Users\Letic\Downloads\NEU-CLS\RS_261.bmp,RS_261.bmp,Rolled-in_Scale,train
C:\Users\Letic\Downloads\NEU-CLS\Sc_121.bmp,Sc_121.bmp,Scratches,train
C:\Users\Letic\Downloads\NEU-CLS\Sc_46.bmp,Sc_46.bmp,Scratches,train
C:\Users\Letic\Downloads\NEU-CLS\Sc_222.bmp,Sc_222.bmp,Scratches,train
C:\Users\Letic\Downloads\NEU-CLS\RS_67.bmp,RS_67.bmp,Rolled-in_Scale,train
C:\Users\Letic\Downloads\NEU-CLS\Cr_255.bmp,Cr_255.bmp,Crazing,train
C:\Users\Letic\Downloads\NEU-CLS\Pa_43.bmp,Pa_43.bmp,Patches,train
C:\Users\Letic\Downloads\NEU-CLS\Sc_50.bmp,Sc_50.bmp,Scratches,train
C:\Users\Letic\Downloads\NEU-CLS\In_61.bmp,In_61.bmp,Inclusion,train
C:\Users\Letic\Downloads\NEU-CLS\Cr_287.bmp,Cr_287.bmp,Crazing,train
C:\Users\Letic\Downloads\NEU-CLS\Pa_224.bmp,Pa_224.bmp,Patches,train
C:\Users\Letic\Downloads\NEU-CLS\Pa_45.bmp,Pa_45.bmp,Patches,train
C:\Users\Letic\Downloads\NEU-CLS\PS_241.bmp,PS_241.bmp,Pitted_Surface,train
C:\Users\Letic\Downloads\NEU-CLS\Cr_169.bmp,Cr_169.bmp,Crazing,train
C:\Users\Letic\Downloads\NEU-CLS\RS_17.bmp,RS_17.bmp,Rolled-in_Scale,train
C:\Users\Letic\Downloads\NEU-CLS\In_70.bmp,In_70.bmp,Inclusion,train
C:\Users\Letic\Downloads\NEU-CLS\PS_210.bmp,PS_210.bmp,Pitted_Surface,train
C:\Users\Letic\Downloads\NEU-CLS\Sc_48.bmp,Sc_48.bmp,Scratches,train
C:\Users\Letic\Downloads\NEU-CLS\In_267.bmp,In_267.bmp,Inclusion,train
C:\Users\Letic\Downloads\NEU-CLS\Cr_132.bmp,Cr_132.bmp,Crazing,train
C:\Users\Letic\Downloads\NEU-CLS\In_138.bmp,In_138.bmp,Inclusion,train
C:\Users\Letic\Downloads\NEU-CLS\Sc_130.bmp,Sc_130.bmp,Scratches,train
C:\Users\Letic\Downloads\NEU-CLS\Sc_232.bmp,Sc_232.bmp,Scratches,train
C:\Users\Letic\Downloads\NEU-CLS\PS_263.bmp,PS_263.bmp,Pitted_Surface,train
C:\Users\Letic\Downloads\NEU-CLS\RS_193.bmp,RS_193.bmp,Rolled-in_Scale,train
C:\Users\Letic\Downloads\NEU-CLS\In_29.bmp,In_29.bmp,Inclusion,train
C:\Users\Letic\Downloads\NEU-CLS\PS_293.bmp,PS_293.bmp,Pitted_Surface,train
C:\Users\Letic\Downloads\NEU-CLS\Pa_42.bmp,Pa_42.bmp,Patches,train
C:\Users\Letic\Downloads\NEU-CLS\Cr_234.bmp,Cr_234.bmp,Crazing,train
C:\Users\Letic\Downloads\NEU-CLS\PS_191.bmp,PS_191.bmp,Pitted_Surface,train
C:\Users\Letic\Downloads\NEU-CLS\RS_8.bmp,RS_8.bmp,Rolled-in_Scale,train
C:\Users\Letic\Downloads\NEU-CLS\PS_145.bmp,PS_145.bmp,Pitted_Surface,train
C:\Users\Letic\Downloads\NEU-CLS\Cr_3.bmp,Cr_3.bmp,Crazing,train
C:\Users\Letic\Downloads\NEU-CLS\Pa_168.bmp,Pa_168.bmp,Patches,train
C:\Users\Letic\Downloads\NEU-CLS\PS_287.bmp,PS_287.bmp,Pitted_Surface,train
C:\Users\Letic\Downloads\NEU-CLS\Sc_93.bmp,Sc_93.bmp,Scratches,train
C:\Users\Letic\Downloads\NEU-CLS\In_12.bmp,In_12.bmp,Inclusion,train
C:\Users\Letic\Downloads\NEU-CLS\Sc_135.bmp,Sc_135.bmp,Scratches,train
C:\Users\Letic\Downloads\NEU-CLS\Sc_246.bmp,Sc_246.bmp,Scratches,train
C:\Users\Letic\Downloads\NEU-CLS\PS_21.bmp,PS_21.bmp,Pitted_Surface,train
C:\Users\Letic\Downloads\NEU-CLS\Sc_142.bmp,Sc_142.bmp,Scratches,train
C:\Users\Letic\Downloads\NEU-CLS\PS_266.bmp,PS_266.bmp,Pitted_Surface,train
C:\Users\Letic\Downloads\NEU-CLS\Pa_249.bmp,Pa_249.bmp,Patches,train
C:\Users\Letic\Downloads\NEU-CLS\PS_35.bmp,PS_35.bmp,Pitted_Surface,train
C:\Users\Letic\Downloads\NEU-CLS\RS_157.bmp,RS_157.bmp,Rolled-in_Scale,train
C:\Users\Letic\Downloads\NEU-CLS\PS_232.bmp,PS_232.bmp,Pitted_Surface,train
C:\Users\Letic\Downloads\NEU-CLS\Pa_269.bmp,Pa_269.bmp,Patches,train
C:\Users\Letic\Downloads\NEU-CLS\Pa_64.bmp,Pa_64.bmp,Patches,train
C:\Users\Letic\Downloads\NEU-CLS\Sc_129.bmp,Sc_129.bmp,Scratches,train
C:\Users\Letic\Downloads\NEU-CLS\PS_280.bmp,PS_280.bmp,Pitted_Surface,train
C:\Users\Letic\Downloads\NEU-CLS\Cr_299.bmp,Cr_299.bmp,Crazing,train
C:\Users\Letic\Downloads\NEU-CLS\PS_4.bmp,PS_4.bmp,Pitted_Surface,train
C:\Users\Letic\Downloads\NEU-CLS\Pa_256.bmp,Pa_256.bmp,Patches,train
C:\Users\Letic\Downloads\NEU-CLS\In_140.bmp,In_140.bmp,Inclusion,train
C:\Users\Letic\Downloads\NEU-CLS\RS_82.bmp,RS_82.bmp,Rolled-in_Scale,train
C:\Users\Letic\Downloads\NEU-CLS\RS_183.bmp,RS_183.bmp,Rolled-in_Scale,train
C:\Users\Letic\Downloads\NEU-CLS\In_172.bmp,In_172.bmp,Inclusion,train
C:\Users\Letic\Downloads\NEU-CLS\RS_91.bmp,RS_91.bmp,Rolled-in_Scale,train
C:\Users\Letic\Downloads\NEU-CLS\In_45.bmp,In_45.bmp,Inclusion,train
C:\Users\Letic\Downloads\NEU-CLS\Sc_164.bmp,Sc_164.bmp,Scratches,train
C:\Users\Letic\Downloads\NEU-CLS\In_178.bmp,In_178.bmp,Inclusion,train
C:\Users\Letic\Downloads\NEU-CLS\RS_250.bmp,RS_250.bmp,Rolled-in_Scale,train
C:\Users\Letic\Downloads\NEU-CLS\Sc_12.bmp,Sc_12.bmp,Scratches,train
C:\Users\Letic\Downloads\NEU-CLS\Cr_91.bmp,Cr_91.bmp,Crazing,train
C:\Users\Letic\Downloads\NEU-CLS\Pa_277.bmp,Pa_277.bmp,Patches,train
C:\Users\Letic\Downloads\NEU-CLS\In_265.bmp,In_265.bmp,Inclusion,train
C:\Users\Letic\Downloads\NEU-CLS\In_62.bmp,In_62.bmp,Inclusion,train
C:\Users\Letic\Downloads\NEU-CLS\In_136.bmp,In_136.bmp,Inclusion,train
C:\Users\Letic\Downloads\NEU-CLS\Pa_245.bmp,Pa_245.bmp,Patches,train
C:\Users\Letic\Downloads\NEU-CLS\PS_153.bmp,PS_153.bmp,Pitted_Surface,train
C:\Users\Letic\Downloads\NEU-CLS\Sc_286.bmp,Sc_286.bmp,Scratches,train
C:\Users\Letic\Downloads\NEU-CLS\RS_21.bmp,RS_21.bmp,Rolled-in_Scale,train
C:\Users\Letic\Downloads\NEU-CLS\In_51.bmp,In_51.bmp,Inclusion,train
C:\Users\Letic\Downloads\NEU-CLS\PS_143.bmp,PS_143.bmp,Pitted_Surface,train
C:\Users\Letic\Downloads\NEU-CLS\RS_54.bmp,RS_54.bmp,Rolled-in_Scale,train
C:\Users\Letic\Downloads\NEU-CLS\Cr_41.bmp,Cr_41.bmp,Crazing,train
C:\Users\Letic\Downloads\NEU-CLS\RS_113.bmp,RS_113.bmp,Rolled-in_Scale,train
C:\Users\Letic\Downloads\NEU-CLS\RS_255.bmp,RS_255.bmp,Rolled-in_Scale,train
C:\Users\Letic\Downloads\NEU-CLS\Pa_110.bmp,Pa_110.bmp,Patches,train
C:\Users\Letic\Downloads\NEU-CLS\Pa_206.bmp,Pa_206.bmp,Patches,train
C:\Users\Letic\Downloads\NEU-CLS\Sc_288.bmp,Sc_288.bmp,Scratches,train
C:\Users\Letic\Downloads\NEU-CLS\Sc_269.bmp,Sc_269.bmp,Scratches,train
C:\Users\Letic\Downloads\NEU-CLS\Sc_157.bmp,Sc_157.bmp,Scratches,train
C:\Users\Letic\Downloads\NEU-CLS\Sc_156.bmp,Sc_156.bmp,Scratches,train
C:\Users\Letic\Downloads\NEU-CLS\Pa_217.bmp,Pa_217.bmp,Patches,train
C:\Users\Letic\Downloads\NEU-CLS\Pa_157.bmp,Pa_157.bmp,Patches,train
C:\Users\Letic\Downloads\NEU-CLS\Pa_278.bmp,Pa_278.bmp,Patches,train
C:\Users\Letic\Downloads\NEU-CLS\Pa_251.bmp,Pa_251.bmp,Patches,train
C:\Users\Letic\Downloads\NEU-CLS\RS_296.bmp,RS_296.bmp,Rolled-in_Scale,train
C:\Users\Letic\Downloads\NEU-CLS\Sc_14.bmp,Sc_14.bmp,Scratches,train
C:\Users\Letic\Downloads\NEU-CLS\In_135.bmp,In_135.bmp,Inclusion,train
C:\Users\Letic\Downloads\NEU-CLS\Cr_186.bmp,Cr_186.bmp,Crazing,train
C:\Users\Letic\Downloads\NEU-CLS\PS_75.bmp,PS_75.bmp,Pitted_Surface,train
C:\Users\Letic\Downloads\NEU-CLS\Pa_32.bmp,Pa_32.bmp,Patches,train
C:\Users\Letic\Downloads\NEU-CLS\In_189.bmp,In_189.bmp,Inclusion,train
C:\Users\Letic\Downloads\NEU-CLS\RS_64.bmp,RS_64.bmp,Rolled-in_Scale,train
C:\Users\Letic\Downloads\NEU-CLS\Cr_288.bmp,Cr_288.bmp,Crazing,train
C:\Users\Letic\Downloads\NEU-CLS\Pa_230.bmp,Pa_230.bmp,Patches,train
C:\Users\Letic\Downloads\NEU-CLS\Sc_172.bmp,Sc_172.bmp,Scratches,train
C:\Users\Letic\Downloads\NEU-CLS\RS_282.bmp,RS_282.bmp,Rolled-in_Scale,train
C:\Users\Letic\Downloads\NEU-CLS\PS_124.bmp,PS_124.bmp,Pitted_Surface,train
C:\Users\Letic\Downloads\NEU-CLS\Sc_160.bmp,Sc_160.bmp,Scratches,train
C:\Users\Letic\Downloads\NEU-CLS\Sc_79.bmp,Sc_79.bmp,Scratches,train
C:\Users\Letic\Downloads\NEU-CLS\In_241.bmp,In_241.bmp,Inclusion,train
C:\Users\Letic\Downloads\NEU-CLS\In_123.bmp,In_123.bmp,Inclusion,train
C:\Users\Letic\Downloads\NEU-CLS\Cr_193.bmp,Cr_193.bmp,Crazing,train
C:\Users\Letic\Downloads\NEU-CLS\Sc_294.bmp,Sc_294.bmp,Scratches,train
C:\Users\Letic\Downloads\NEU-CLS\PS_248.bmp,PS_248.bmp,Pitted_Surface,train
C:\Users\Letic\Downloads\NEU-CLS\Cr_152.bmp,Cr_152.bmp,Crazing,train
C:\Users\Letic\Downloads\NEU-CLS\Pa_97.bmp,Pa_97.bmp,Patches,train
C:\Users\Letic\Downloads\NEU-CLS\PS_177.bmp,PS_177.bmp,Pitted_Surface,train
C:\Users\Letic\Downloads\NEU-CLS\In_264.bmp,In_264.bmp,Inclusion,train
C:\Users\Letic\Downloads\NEU-CLS\PS_197.bmp,PS_197.bmp,Pitted_Surface,train
C:\Users\Letic\Downloads\NEU-CLS\Cr_293.bmp,Cr_293.bmp,Crazing,train
C:\Users\Letic\Downloads\NEU-CLS\Sc_275.bmp,Sc_275.bmp,Scratches,train
C:\Users\Letic\Downloads\NEU-CLS\RS_160.bmp,RS_160.bmp,Rolled-in_Scale,train
C:\Users\Letic\Downloads\NEU-CLS\Sc_65.bmp,Sc_65.bmp,Scratches,train
C:\Users\Letic\Downloads\NEU-CLS\Sc_216.bmp,Sc_216.bmp,Scratches,train
C:\Users\Letic\Downloads\NEU-CLS\PS_139.bmp,PS_139.bmp,Pitted_Surface,train
C:\Users\Letic\Downloads\NEU-CLS\Sc_84.bmp,Sc_84.bmp,Scratches,train
C:\Users\Letic\Downloads\NEU-CLS\RS_297.bmp,RS_297.bmp,Rolled-in_Scale,train
C:\Users\Letic\Downloads\NEU-CLS\Sc_107.bmp,Sc_107.bmp,Scratches,train
C:\Users\Letic\Downloads\NEU-CLS\PS_53.bmp,PS_53.bmp,Pitted_Surface,train
C:\Users\Letic\Downloads\NEU-CLS\Pa_75.bmp,Pa_75.bmp,Patches,train
C:\Users\Letic\Downloads\NEU-CLS\Cr_259.bmp,Cr_259.bmp,Crazing,train
C:\Users\Letic\Downloads\NEU-CLS\RS_155.bmp,RS_155.bmp,Rolled-in_Scale,train
C:\Users\Letic\Downloads\NEU-CLS\RS_51.bmp,RS_51.bmp,Rolled-in_Scale,train
C:\Users\Letic\Downloads\NEU-CLS\Cr_61.bmp,Cr_61.bmp,Crazing,train
C:\Users\Letic\Downloads\NEU-CLS\RS_277.bmp,RS_277.bmp,Rolled-in_Scale,train
C:\Users\Letic\Downloads\NEU-CLS\Sc_80.bmp,Sc_80.bmp,Scratches,train
C:\Users\Letic\Downloads\NEU-CLS\PS_54.bmp,PS_54.bmp,Pitted_Surface,train
C:\Users\Letic\Downloads\NEU-CLS\Sc_176.bmp,Sc_176.bmp,Scratches,train
C:\Users\Letic\Downloads\NEU-CLS\Sc_92.bmp,Sc_92.bmp,Scratches,train
C:\Users\Letic\Downloads\NEU-CLS\Pa_126.bmp,Pa_126.bmp,Patches,train
C:\Users\Letic\Downloads\NEU-CLS\RS_96.bmp,RS_96.bmp,Rolled-in_Scale,train
C:\Users\Letic\Downloads\NEU-CLS\Sc_165.bmp,Sc_165.bmp,Scratches,train
C:\Users\Letic\Downloads\NEU-CLS\RS_221.bmp,RS_221.bmp,Rolled-in_Scale,train
C:\Users\Letic\Downloads\NEU-CLS\Sc_2.bmp,Sc_2.bmp,Scratches,train
C:\Users\Letic\Downloads\NEU-CLS\In_100.bmp,In_100.bmp,Inclusion,train
C:\Users\Letic\Downloads\NEU-CLS\Sc_86.bmp,Sc_86.bmp,Scratches,train
C:\Users\Letic\Downloads\NEU-CLS\RS_289.bmp,RS_289.bmp,Rolled-in_Scale,train
C:\Users\Letic\Downloads\NEU-CLS\In_40.bmp,In_40.bmp,Inclusion,train
C:\Users\Letic\Downloads\NEU-CLS\PS_258.bmp,PS_258.bmp,Pitted_Surface,train
C:\Users\Letic\Downloads\NEU-CLS\In_273.bmp,In_273.bmp,Inclusion,train
C:\Users\Letic\Downloads\NEU-CLS\RS_216.bmp,RS_216.bmp,Rolled-in_Scale,train
C:\Users\Letic\Downloads\NEU-CLS\PS_63.bmp,PS_63.bmp,Pitted_Surface,train
C:\Users\Letic\Downloads\NEU-CLS\RS_72.bmp,RS_72.bmp,Rolled-in_Scale,train
C:\Users\Letic\Downloads\NEU-CLS\RS_220.bmp,RS_220.bmp,Rolled-in_Scale,train
C:\Users\Letic\Downloads\NEU-CLS\In_204.bmp,In_204.bmp,Inclusion,train
C:\Users\Letic\Downloads\NEU-CLS\Pa_296.bmp,Pa_296.bmp,Patches,train
C:\Users\Letic\Downloads\NEU-CLS\PS_290.bmp,PS_290.bmp,Pitted_Surface,train
C:\Users\Letic\Downloads\NEU-CLS\RS_40.bmp,RS_40.bmp,Rolled-in_Scale,train
C:\Users\Letic\Downloads\NEU-CLS\Pa_103.bmp,Pa_103.bmp,Patches,train
C:\Users\Letic\Downloads\NEU-CLS\RS_55.bmp,RS_55.bmp,Rolled-in_Scale,train
C:\Users\Letic\Downloads\NEU-CLS\PS_256.bmp,PS_256.bmp,Pitted_Surface,train
C:\Users\Letic\Downloads\NEU-CLS\In_246.bmp,In_246.bmp,Inclusion,train
C:\Users\Letic\Downloads\NEU-CLS\PS_296.bmp,PS_296.bmp,Pitted_Surface,train
C:\Users\Letic\Downloads\NEU-CLS\In_281.bmp,In_281.bmp,Inclusion,train
C:\Users\Letic\Downloads\NEU-CLS\Pa_107.bmp,Pa_107.bmp,Patches,train
C:\Users\Letic\Downloads\NEU-CLS\Pa_154.bmp,Pa_154.bmp,Patches,train
C:\Users\Letic\Downloads\NEU-CLS\Cr_88.bmp,Cr_88.bmp,Crazing,train
C:\Users\Letic\Downloads\NEU-CLS\Pa_248.bmp,Pa_248.bmp,Patches,train
C:\Users\Letic\Downloads\NEU-CLS\PS_194.bmp,PS_194.bmp,Pitted_Surface,train
C:\Users\Letic\Downloads\NEU-CLS\Pa_70.bmp,Pa_70.bmp,Patches,train
C:\Users\Letic\Downloads\NEU-CLS\Cr_274.bmp,Cr_274.bmp,Crazing,train
C:\Users\Letic\Downloads\NEU-CLS\Sc_3.bmp,Sc_3.bmp,Scratches,train
C:\Users\Letic\Downloads\NEU-CLS\In_77.bmp,In_77.bmp,Inclusion,train
C:\Users\Letic\Downloads\NEU-CLS\PS_94.bmp,PS_94.bmp,Pitted_Surface,train
C:\Users\Letic\Downloads\NEU-CLS\Sc_71.bmp,Sc_71.bmp,Scratches,train
C:\Users\Letic\Downloads\NEU-CLS\Pa_299.bmp,Pa_299.bmp,Patches,train
C:\Users\Letic\Downloads\NEU-CLS\Sc_51.bmp,Sc_51.bmp,Scratches,train
C:\Users\Letic\Downloads\NEU-CLS\PS_283.bmp,PS_283.bmp,Pitted_Surface,train
C:\Users\Letic\Downloads\NEU-CLS\PS_239.bmp,PS_239.bmp,Pitted_Surface,train
C:\Users\Letic\Downloads\NEU-CLS\PS_123.bmp,PS_123.bmp,Pitted_Surface,train
C:\Users\Letic\Downloads\NEU-CLS\In_231.bmp,In_231.bmp,Inclusion,train
C:\Users\Letic\Downloads\NEU-CLS\RS_275.bmp,RS_275.bmp,Rolled-in_Scale,train
C:\Users\Letic\Downloads\NEU-CLS\Pa_216.bmp,Pa_216.bmp,Patches,train
C:\Users\Letic\Downloads\NEU-CLS\Pa_159.bmp,Pa_159.bmp,Patches,train
C:\Users\Letic\Downloads\NEU-CLS\Sc_105.bmp,Sc_105.bmp,Scratches,train
C:\Users\Letic\Downloads\NEU-CLS\Pa_200.bmp,Pa_200.bmp,Patches,train
C:\Users\Letic\Downloads\NEU-CLS\Sc_169.bmp,Sc_169.bmp,Scratches,train
C:\Users\Letic\Downloads\NEU-CLS\Pa_135.bmp,Pa_135.bmp,Patches,train
C:\Users\Letic\Downloads\NEU-CLS\PS_150.bmp,PS_150.bmp,Pitted_Surface,train
C:\Users\Letic\Downloads\NEU-CLS\RS_137.bmp,RS_137.bmp,Rolled-in_Scale,train
C:\Users\Letic\Downloads\NEU-CLS\Cr_231.bmp,Cr_231.bmp,Crazing,train
C:\Users\Letic\Downloads\NEU-CLS\RS_293.bmp,RS_293.bmp,Rolled-in_Scale,train
C:\Users\Letic\Downloads\NEU-CLS\Cr_28.bmp,Cr_28.bmp,Crazing,train
C:\Users\Letic\Downloads\NEU-CLS\Cr_11.bmp,Cr_11.bmp,Crazing,train
C:\Users\Letic\Downloads\NEU-CLS\Cr_273.bmp,Cr_273.bmp,Crazing,train
C:\Users\Letic\Downloads\NEU-CLS\Pa_109.bmp,Pa_109.bmp,Patches,train
C:\Users\Letic\Downloads\NEU-CLS\Pa_253.bmp,Pa_253.bmp,Patches,train
C:\Users\Letic\Downloads\NEU-CLS\PS_175.bmp,PS_175.bmp,Pitted_Surface,train
C:\Users\Letic\Downloads\NEU-CLS\Cr_38.bmp,Cr_38.bmp,Crazing,train
C:\Users\Letic\Downloads\NEU-CLS\Pa_128.bmp,Pa_128.bmp,Patches,train
C:\Users\Letic\Downloads\NEU-CLS\Sc_40.bmp,Sc_40.bmp,Scratches,train
C:\Users\Letic\Downloads\NEU-CLS\RS_16.bmp,RS_16.bmp,Rolled-in_Scale,train
C:\Users\Letic\Downloads\NEU-CLS\Cr_174.bmp,Cr_174.bmp,Crazing,train
C:\Users\Letic\Downloads\NEU-CLS\Cr_92.bmp,Cr_92.bmp,Crazing,train
C:\Users\Letic\Downloads\NEU-CLS\PS_294.bmp,PS_294.bmp,Pitted_Surface,train
C:\Users\Letic\Downloads\NEU-CLS\Sc_94.bmp,Sc_94.bmp,Scratches,train
C:\Users\Letic\Downloads\NEU-CLS\Pa_58.bmp,Pa_58.bmp,Patches,train
C:\Users\Letic\Downloads\NEU-CLS\PS_252.bmp,PS_252.bmp,Pitted_Surface,train
C:\Users\Letic\Downloads\NEU-CLS\Sc_224.bmp,Sc_224.bmp,Scratches,train
C:\Users\Letic\Downloads\NEU-CLS\PS_178.bmp,PS_178.bmp,Pitted_Surface,train
C:\Users\Letic\Downloads\NEU-CLS\In_1.bmp,In_1.bmp,Inclusion,train
C:\Users\Letic\Downloads\NEU-CLS\Cr_129.bmp,Cr_129.bmp,Crazing,train
C:\Users\Letic\Downloads\NEU-CLS\Sc_237.bmp,Sc_237.bmp,Scratches,train
C:\Users\Letic\Downloads\NEU-CLS\Pa_213.bmp,Pa_213.bmp,Patches,train
C:\Users\Letic\Downloads\NEU-CLS\Cr_84.bmp,Cr_84.bmp,Crazing,train
C:\Users\Letic\Downloads\NEU-CLS\RS_257.bmp,RS_257.bmp,Rolled-in_Scale,train
C:\Users\Letic\Downloads\NEU-CLS\In_169.bmp,In_169.bmp,Inclusion,train
C:\Users\Letic\Downloads\NEU-CLS\PS_278.bmp,PS_278.bmp,Pitted_Surface,train
C:\Users\Letic\Downloads\NEU-CLS\In_125.bmp,In_125.bmp,Inclusion,train
C:\Users\Letic\Downloads\NEU-CLS\Cr_232.bmp,Cr_232.bmp,Crazing,train
C:\Users\Letic\Downloads\NEU-CLS\RS_139.bmp,RS_139.bmp,Rolled-in_Scale,train
C:\Users\Letic\Downloads\NEU-CLS\Sc_261.bmp,Sc_261.bmp,Scratches,train
C:\Users\Letic\Downloads\NEU-CLS\RS_256.bmp,RS_256.bmp,Rolled-in_Scale,train
C:\Users\Letic\Downloads\NEU-CLS\RS_222.bmp,RS_222.bmp,Rolled-in_Scale,train
C:\Users\Letic\Downloads\NEU-CLS\Pa_192.bmp,Pa_192.bmp,Patches,train
C:\Users\Letic\Downloads\NEU-CLS\In_293.bmp,In_293.bmp,Inclusion,train
C:\Users\Letic\Downloads\NEU-CLS\Sc_245.bmp,Sc_245.bmp,Scratches,train
C:\Users\Letic\Downloads\NEU-CLS\In_185.bmp,In_185.bmp,Inclusion,train
C:\Users\Letic\Downloads\NEU-CLS\Cr_217.bmp,Cr_217.bmp,Crazing,train
C:\Users\Letic\Downloads\NEU-CLS\In_119.bmp,In_119.bmp,Inclusion,train
C:\Users\Letic\Downloads\NEU-CLS\Sc_77.bmp,Sc_77.bmp,Scratches,train
C:\Users\Letic\Downloads\NEU-CLS\PS_5.bmp,PS_5.bmp,Pitted_Surface,train
C:\Users\Letic\Downloads\NEU-CLS\Sc_243.bmp,Sc_243.bmp,Scratches,train
C:\Users\Letic\Downloads\NEU-CLS\Pa_197.bmp,Pa_197.bmp,Patches,train
C:\Users\Letic\Downloads\NEU-CLS\Cr_159.bmp,Cr_159.bmp,Crazing,train
C:\Users\Letic\Downloads\NEU-CLS\Cr_250.bmp,Cr_250.bmp,Crazing,train
C:\Users\Letic\Downloads\NEU-CLS\RS_27.bmp,RS_27.bmp,Rolled-in_Scale,train
C:\Users\Letic\Downloads\NEU-CLS\In_16.bmp,In_16.bmp,Inclusion,train
C:\Users\Letic\Downloads\NEU-CLS\Sc_265.bmp,Sc_265.bmp,Scratches,train
C:\Users\Letic\Downloads\NEU-CLS\RS_298.bmp,RS_298.bmp,Rolled-in_Scale,train
C:\Users\Letic\Downloads\NEU-CLS\In_108.bmp,In_108.bmp,Inclusion,train
C:\Users\Letic\Downloads\NEU-CLS\Sc_52.bmp,Sc_52.bmp,Scratches,train
C:\Users\Letic\Downloads\NEU-CLS\RS_204.bmp,RS_204.bmp,Rolled-in_Scale,train
C:\Users\Letic\Downloads\NEU-CLS\Pa_145.bmp,Pa_145.bmp,Patches,train
C:\Users\Letic\Downloads\NEU-CLS\Sc_247.bmp,Sc_247.bmp,Scratches,train
C:\Users\Letic\Downloads\NEU-CLS\Sc_192.bmp,Sc_192.bmp,Scratches,train
C:\Users\Letic\Downloads\NEU-CLS\Cr_120.bmp,Cr_120.bmp,Crazing,train
C:\Users\Letic\Downloads\NEU-CLS\Pa_17.bmp,Pa_17.bmp,Patches,train
C:\Users\Letic\Downloads\NEU-CLS\Cr_161.bmp,Cr_161.bmp,Crazing,train
C:\Users\Letic\Downloads\NEU-CLS\In_256.bmp,In_256.bmp,Inclusion,train
C:\Users\Letic\Downloads\NEU-CLS\In_36.bmp,In_36.bmp,Inclusion,train
C:\Users\Letic\Downloads\NEU-CLS\Sc_78.bmp,Sc_78.bmp,Scratches,train
C:\Users\Letic\Downloads\NEU-CLS\In_107.bmp,In_107.bmp,Inclusion,train
C:\Users\Letic\Downloads\NEU-CLS\Sc_148.bmp,Sc_148.bmp,Scratches,train
C:\Users\Letic\Downloads\NEU-CLS\Cr_170.bmp,Cr_170.bmp,Crazing,train
C:\Users\Letic\Downloads\NEU-CLS\PS_207.bmp,PS_207.bmp,Pitted_Surface,train
C:\Users\Letic\Downloads\NEU-CLS\Sc_173.bmp,Sc_173.bmp,Scratches,train
C:\Users\Letic\Downloads\NEU-CLS\RS_127.bmp,RS_127.bmp,Rolled-in_Scale,train
C:\Users\Letic\Downloads\NEU-CLS\Sc_178.bmp,Sc_178.bmp,Scratches,train
C:\Users\Letic\Downloads\NEU-CLS\PS_67.bmp,PS_67.bmp,Pitted_Surface,train
C:\Users\Letic\Downloads\NEU-CLS\PS_151.bmp,PS_151.bmp,Pitted_Surface,train
C:\Users\Letic\Downloads\NEU-CLS\Sc_249.bmp,Sc_249.bmp,Scratches,train
C:\Users\Letic\Downloads\NEU-CLS\Cr_16.bmp,Cr_16.bmp,Crazing,train
C:\Users\Letic\Downloads\NEU-CLS\Cr_100.bmp,Cr_100.bmp,Crazing,train
C:\Users\Letic\Downloads\NEU-CLS\PS_267.bmp,PS_267.bmp,Pitted_Surface,train
C:\Users\Letic\Downloads\NEU-CLS\Sc_137.bmp,Sc_137.bmp,Scratches,train
C:\Users\Letic\Downloads\NEU-CLS\Sc_33.bmp,Sc_33.bmp,Scratches,train
C:\Users\Letic\Downloads\NEU-CLS\PS_195.bmp,PS_195.bmp,Pitted_Surface,train
C:\Users\Letic\Downloads\NEU-CLS\Sc_244.bmp,Sc_244.bmp,Scratches,train
C:\Users\Letic\Downloads\NEU-CLS\Pa_114.bmp,Pa_114.bmp,Patches,train
C:\Users\Letic\Downloads\NEU-CLS\Sc_53.bmp,Sc_53.bmp,Scratches,train
C:\Users\Letic\Downloads\NEU-CLS\Pa_20.bmp,Pa_20.bmp,Patches,train
C:\Users\Letic\Downloads\NEU-CLS\In_141.bmp,In_141.bmp,Inclusion,train
C:\Users\Letic\Downloads\NEU-CLS\RS_184.bmp,RS_184.bmp,Rolled-in_Scale,train
C:\Users\Letic\Downloads\NEU-CLS\RS_63.bmp,RS_63.bmp,Rolled-in_Scale,train
C:\Users\Letic\Downloads\NEU-CLS\Sc_256.bmp,Sc_256.bmp,Scratches,train
C:\Users\Letic\Downloads\NEU-CLS\PS_269.bmp,PS_269.bmp,Pitted_Surface,train
C:\Users\Letic\Downloads\NEU-CLS\PS_176.bmp,PS_176.bmp,Pitted_Surface,train
C:\Users\Letic\Downloads\NEU-CLS\Pa_93.bmp,Pa_93.bmp,Patches,train
C:\Users\Letic\Downloads\NEU-CLS\Cr_248.bmp,Cr_248.bmp,Crazing,train
C:\Users\Letic\Downloads\NEU-CLS\PS_246.bmp,PS_246.bmp,Pitted_Surface,train
C:\Users\Letic\Downloads\NEU-CLS\In_41.bmp,In_41.bmp,Inclusion,train
C:\Users\Letic\Downloads\NEU-CLS\RS_126.bmp,RS_126.bmp,Rolled-in_Scale,train
C:\Users\Letic\Downloads\NEU-CLS\Cr_297.bmp,Cr_297.bmp,Crazing,train
C:\Users\Letic\Downloads\NEU-CLS\PS_15.bmp,PS_15.bmp,Pitted_Surface,train
C:\Users\Letic\Downloads\NEU-CLS\PS_32.bmp,PS_32.bmp,Pitted_Surface,train
C:\Users\Letic\Downloads\NEU-CLS\PS_238.bmp,PS_238.bmp,Pitted_Surface,train
C:\Users\Letic\Downloads\NEU-CLS\In_66.bmp,In_66.bmp,Inclusion,train
C:\Users\Letic\Downloads\NEU-CLS\Cr_252.bmp,Cr_252.bmp,Crazing,train
C:\Users\Letic\Downloads\NEU-CLS\Cr_264.bmp,Cr_264.bmp,Crazing,train
C:\Users\Letic\Downloads\NEU-CLS\PS_127.bmp,PS_127.bmp,Pitted_Surface,train
C:\Users\Letic\Downloads\NEU-CLS\In_34.bmp,In_34.bmp,Inclusion,train
C:\Users\Letic\Downloads\NEU-CLS\Sc_278.bmp,Sc_278.bmp,Scratches,train
C:\Users\Letic\Downloads\NEU-CLS\Pa_102.bmp,Pa_102.bmp,Patches,train
C:\Users\Letic\Downloads\NEU-CLS\In_183.bmp,In_183.bmp,Inclusion,train
C:\Users\Letic\Downloads\NEU-CLS\Sc_202.bmp,Sc_202.bmp,Scratches,train
C:\Users\Letic\Downloads\NEU-CLS\Sc_9.bmp,Sc_9.bmp,Scratches,train
C:\Users\Letic\Downloads\NEU-CLS\Sc_58.bmp,Sc_58.bmp,Scratches,train
C:\Users\Letic\Downloads\NEU-CLS\Sc_1.bmp,Sc_1.bmp,Scratches,train
C:\Users\Letic\Downloads\NEU-CLS\In_237.bmp,In_237.bmp,Inclusion,train
C:\Users\Letic\Downloads\NEU-CLS\Pa_38.bmp,Pa_38.bmp,Patches,train
C:\Users\Letic\Downloads\NEU-CLS\In_91.bmp,In_91.bmp,Inclusion,train
C:\Users\Letic\Downloads\NEU-CLS\RS_107.bmp,RS_107.bmp,Rolled-in_Scale,train
C:\Users\Letic\Downloads\NEU-CLS\Cr_222.bmp,Cr_222.bmp,Crazing,train
C:\Users\Letic\Downloads\NEU-CLS\PS_279.bmp,PS_279.bmp,Pitted_Surface,train
C:\Users\Letic\Downloads\NEU-CLS\RS_285.bmp,RS_285.bmp,Rolled-in_Scale,train
C:\Users\Letic\Downloads\NEU-CLS\In_239.bmp,In_239.bmp,Inclusion,train
C:\Users\Letic\Downloads\NEU-CLS\Cr_190.bmp,Cr_190.bmp,Crazing,train
C:\Users\Letic\Downloads\NEU-CLS\PS_250.bmp,PS_250.bmp,Pitted_Surface,train
C:\Users\Letic\Downloads\NEU-CLS\Pa_173.bmp,Pa_173.bmp,Patches,train
C:\Users\Letic\Downloads\NEU-CLS\Pa_208.bmp,Pa_208.bmp,Patches,train
C:\Users\Letic\Downloads\NEU-CLS\PS_285.bmp,PS_285.bmp,Pitted_Surface,train
C:\Users\Letic\Downloads\NEU-CLS\In_205.bmp,In_205.bmp,Inclusion,train
C:\Users\Letic\Downloads\NEU-CLS\Cr_200.bmp,Cr_200.bmp,Crazing,train
C:\Users\Letic\Downloads\NEU-CLS\RS_284.bmp,RS_284.bmp,Rolled-in_Scale,train
C:\Users\Letic\Downloads\NEU-CLS\RS_162.bmp,RS_162.bmp,Rolled-in_Scale,train
C:\Users\Letic\Downloads\NEU-CLS\RS_5.bmp,RS_5.bmp,Rolled-in_Scale,train
C:\Users\Letic\Downloads\NEU-CLS\RS_279.bmp,RS_279.bmp,Rolled-in_Scale,train
C:\Users\Letic\Downloads\NEU-CLS\RS_165.bmp,RS_165.bmp,Rolled-in_Scale,train
C:\Users\Letic\Downloads\NEU-CLS\RS_170.bmp,RS_170.bmp,Rolled-in_Scale,train
C:\Users\Letic\Downloads\NEU-CLS\Sc_215.bmp,Sc_215.bmp,Scratches,train
C:\Users\Letic\Downloads\NEU-CLS\Cr_113.bmp,Cr_113.bmp,Crazing,train
C:\Users\Letic\Downloads\NEU-CLS\In_87.bmp,In_87.bmp,Inclusion,train
C:\Users\Letic\Downloads\NEU-CLS\PS_189.bmp,PS_189.bmp,Pitted_Surface,train
C:\Users\Letic\Downloads\NEU-CLS\Sc_183.bmp,Sc_183.bmp,Scratches,train
C:\Users\Letic\Downloads\NEU-CLS\Pa_273.bmp,Pa_273.bmp,Patches,train
C:\Users\Letic\Downloads\NEU-CLS\PS_69.bmp,PS_69.bmp,Pitted_Surface,train
C:\Users\Letic\Downloads\NEU-CLS\RS_100.bmp,RS_100.bmp,Rolled-in_Scale,train
C:\Users\Letic\Downloads\NEU-CLS\Cr_263.bmp,Cr_263.bmp,Crazing,train
C:\Users\Letic\Downloads\NEU-CLS\PS_148.bmp,PS_148.bmp,Pitted_Surface,train
C:\Users\Letic\Downloads\NEU-CLS\PS_270.bmp,PS_270.bmp,Pitted_Surface,train
C:\Users\Letic\Downloads\NEU-CLS\Pa_287.bmp,Pa_287.bmp,Patches,train
C:\Users\Letic\Downloads\NEU-CLS\PS_274.bmp,PS_274.bmp,Pitted_Surface,train
C:\Users\Letic\Downloads\NEU-CLS\RS_211.bmp,RS_211.bmp,Rolled-in_Scale,train
C:\Users\Letic\Downloads\NEU-CLS\RS_149.bmp,RS_149.bmp,Rolled-in_Scale,train
C:\Users\Letic\Downloads\NEU-CLS\In_194.bmp,In_194.bmp,Inclusion,train
C:\Users\Letic\Downloads\NEU-CLS\Cr_86.bmp,Cr_86.bmp,Crazing,train
C:\Users\Letic\Downloads\NEU-CLS\Pa_265.bmp,Pa_265.bmp,Patches,train
C:\Users\Letic\Downloads\NEU-CLS\Sc_291.bmp,Sc_291.bmp,Scratches,train
C:\Users\Letic\Downloads\NEU-CLS\Pa_6.bmp,Pa_6.bmp,Patches,train
C:\Users\Letic\Downloads\NEU-CLS\Pa_174.bmp,Pa_174.bmp,Patches,train
C:\Users\Letic\Downloads\NEU-CLS\Pa_199.bmp,Pa_199.bmp,Patches,train
C:\Users\Letic\Downloads\NEU-CLS\PS_6.bmp,PS_6.bmp,Pitted_Surface,train
C:\Users\Letic\Downloads\NEU-CLS\PS_43.bmp,PS_43.bmp,Pitted_Surface,train
C:\Users\Letic\Downloads\NEU-CLS\Pa_89.bmp,Pa_89.bmp,Patches,train
C:\Users\Letic\Downloads\NEU-CLS\PS_208.bmp,PS_208.bmp,Pitted_Surface,train
C:\Users\Letic\Downloads\NEU-CLS\RS_20.bmp,RS_20.bmp,Rolled-in_Scale,train
C:\Users\Letic\Downloads\NEU-CLS\In_124.bmp,In_124.bmp,Inclusion,train
C:\Users\Letic\Downloads\NEU-CLS\Sc_252.bmp,Sc_252.bmp,Scratches,train
C:\Users\Letic\Downloads\NEU-CLS\Sc_60.bmp,Sc_60.bmp,Scratches,train
C:\Users\Letic\Downloads\NEU-CLS\PS_59.bmp,PS_59.bmp,Pitted_Surface,train
C:\Users\Letic\Downloads\NEU-CLS\PS_26.bmp,PS_26.bmp,Pitted_Surface,train
C:\Users\Letic\Downloads\NEU-CLS\In_272.bmp,In_272.bmp,Inclusion,train
C:\Users\Letic\Downloads\NEU-CLS\RS_36.bmp,RS_36.bmp,Rolled-in_Scale,train
C:\Users\Letic\Downloads\NEU-CLS\Pa_297.bmp,Pa_297.bmp,Patches,train
C:\Users\Letic\Downloads\NEU-CLS\PS_272.bmp,PS_272.bmp,Pitted_Surface,train
C:\Users\Letic\Downloads\NEU-CLS\In_74.bmp,In_74.bmp,Inclusion,train
C:\Users\Letic\Downloads\NEU-CLS\Cr_115.bmp,Cr_115.bmp,Crazing,train
C:\Users\Letic\Downloads\NEU-CLS\Sc_108.bmp,Sc_108.bmp,Scratches,train
C:\Users\Letic\Downloads\NEU-CLS\In_93.bmp,In_93.bmp,Inclusion,train
C:\Users\Letic\Downloads\NEU-CLS\Cr_25.bmp,Cr_25.bmp,Crazing,train
C:\Users\Letic\Downloads\NEU-CLS\Pa_36.bmp,Pa_36.bmp,Patches,train
C:\Users\Letic\Downloads\NEU-CLS\PS_68.bmp,PS_68.bmp,Pitted_Surface,train
C:\Users\Letic\Downloads\NEU-CLS\RS_232.bmp,RS_232.bmp,Rolled-in_Scale,train
C:\Users\Letic\Downloads\NEU-CLS\Cr_98.bmp,Cr_98.bmp,Crazing,train
C:\Users\Letic\Downloads\NEU-CLS\RS_61.bmp,RS_61.bmp,Rolled-in_Scale,train
C:\Users\Letic\Downloads\NEU-CLS\Sc_297.bmp,Sc_297.bmp,Scratches,train
C:\Users\Letic\Downloads\NEU-CLS\RS_300.bmp,RS_300.bmp,Rolled-in_Scale,train
C:\Users\Letic\Downloads\NEU-CLS\PS_276.bmp,PS_276.bmp,Pitted_Surface,train
C:\Users\Letic\Downloads\NEU-CLS\In_177.bmp,In_177.bmp,Inclusion,train
C:\Users\Letic\Downloads\NEU-CLS\In_64.bmp,In_64.bmp,Inclusion,train
C:\Users\Letic\Downloads\NEU-CLS\Cr_213.bmp,Cr_213.bmp,Crazing,train
C:\Users\Letic\Downloads\NEU-CLS\Sc_10.bmp,Sc_10.bmp,Scratches,train
C:\Users\Letic\Downloads\NEU-CLS\Pa_19.bmp,Pa_19.bmp,Patches,train
C:\Users\Letic\Downloads\NEU-CLS\Pa_294.bmp,Pa_294.bmp,Patches,train
C:\Users\Letic\Downloads\NEU-CLS\Sc_225.bmp,Sc_225.bmp,Scratches,train
C:\Users\Letic\Downloads\NEU-CLS\In_269.bmp,In_269.bmp,Inclusion,train
C:\Users\Letic\Downloads\NEU-CLS\Cr_29.bmp,Cr_29.bmp,Crazing,train
C:\Users\Letic\Downloads\NEU-CLS\In_23.bmp,In_23.bmp,Inclusion,train
C:\Users\Letic\Downloads\NEU-CLS\PS_104.bmp,PS_104.bmp,Pitted_Surface,train
C:\Users\Letic\Downloads\NEU-CLS\In_88.bmp,In_88.bmp,Inclusion,train
C:\Users\Letic\Downloads\NEU-CLS\Pa_8.bmp,Pa_8.bmp,Patches,train
C:\Users\Letic\Downloads\NEU-CLS\Sc_20.bmp,Sc_20.bmp,Scratches,train
C:\Users\Letic\Downloads\NEU-CLS\PS_52.bmp,PS_52.bmp,Pitted_Surface,train
C:\Users\Letic\Downloads\NEU-CLS\RS_133.bmp,RS_133.bmp,Rolled-in_Scale,train
C:\Users\Letic\Downloads\NEU-CLS\Sc_117.bmp,Sc_117.bmp,Scratches,train
C:\Users\Letic\Downloads\NEU-CLS\Sc_231.bmp,Sc_231.bmp,Scratches,train
C:\Users\Letic\Downloads\NEU-CLS\Pa_203.bmp,Pa_203.bmp,Patches,train
C:\Users\Letic\Downloads\NEU-CLS\Cr_39.bmp,Cr_39.bmp,Crazing,train
C:\Users\Letic\Downloads\NEU-CLS\Sc_82.bmp,Sc_82.bmp,Scratches,train
C:\Users\Letic\Downloads\NEU-CLS\Cr_177.bmp,Cr_177.bmp,Crazing,train
C:\Users\Letic\Downloads\NEU-CLS\RS_156.bmp,RS_156.bmp,Rolled-in_Scale,train
C:\Users\Letic\Downloads\NEU-CLS\PS_111.bmp,PS_111.bmp,Pitted_Surface,train
C:\Users\Letic\Downloads\NEU-CLS\In_80.bmp,In_80.bmp,Inclusion,train
C:\Users\Letic\Downloads\NEU-CLS\RS_167.bmp,RS_167.bmp,Rolled-in_Scale,train
C:\Users\Letic\Downloads\NEU-CLS\Pa_73.bmp,Pa_73.bmp,Patches,train
C:\Users\Letic\Downloads\NEU-CLS\RS_154.bmp,RS_154.bmp,Rolled-in_Scale,train
C:\Users\Letic\Downloads\NEU-CLS\Sc_196.bmp,Sc_196.bmp,Scratches,train
C:\Users\Letic\Downloads\NEU-CLS\Sc_75.bmp,Sc_75.bmp,Scratches,train
C:\Users\Letic\Downloads\NEU-CLS\Pa_198.bmp,Pa_198.bmp,Patches,train
C:\Users\Letic\Downloads\NEU-CLS\Cr_196.bmp,Cr_196.bmp,Crazing,train
C:\Users\Letic\Downloads\NEU-CLS\In_285.bmp,In_285.bmp,Inclusion,train
C:\Users\Letic\Downloads\NEU-CLS\Cr_296.bmp,Cr_296.bmp,Crazing,train
C:\Users\Letic\Downloads\NEU-CLS\PS_198.bmp,PS_198.bmp,Pitted_Surface,train
C:\Users\Letic\Downloads\NEU-CLS\Sc_162.bmp,Sc_162.bmp,Scratches,train
C:\Users\Letic\Downloads\NEU-CLS\RS_271.bmp,RS_271.bmp,Rolled-in_Scale,train
C:\Users\Letic\Downloads\NEU-CLS\Pa_164.bmp,Pa_164.bmp,Patches,train
C:\Users\Letic\Downloads\NEU-CLS\In_71.bmp,In_71.bmp,Inclusion,train
C:\Users\Letic\Downloads\NEU-CLS\Pa_184.bmp,Pa_184.bmp,Patches,train
C:\Users\Letic\Downloads\NEU-CLS\RS_249.bmp,RS_249.bmp,Rolled-in_Scale,train
C:\Users\Letic\Downloads\NEU-CLS\Cr_44.bmp,Cr_44.bmp,Crazing,train
C:\Users\Letic\Downloads\NEU-CLS\Sc_204.bmp,Sc_204.bmp,Scratches,train
C:\Users\Letic\Downloads\NEU-CLS\RS_242.bmp,RS_242.bmp,Rolled-in_Scale,train
C:\Users\Letic\Downloads\NEU-CLS\Pa_12.bmp,Pa_12.bmp,Patches,train
C:\Users\Letic\Downloads\NEU-CLS\In_219.bmp,In_219.bmp,Inclusion,train
C:\Users\Letic\Downloads\NEU-CLS\PS_80.bmp,PS_80.bmp,Pitted_Surface,train
C:\Users\Letic\Downloads\NEU-CLS\RS_60.bmp,RS_60.bmp,Rolled-in_Scale,train
C:\Users\Letic\Downloads\NEU-CLS\In_33.bmp,In_33.bmp,Inclusion,train
C:\Users\Letic\Downloads\NEU-CLS\RS_152.bmp,RS_152.bmp,Rolled-in_Scale,train
C:\Users\Letic\Downloads\NEU-CLS\In_220.bmp,In_220.bmp,Inclusion,train
C:\Users\Letic\Downloads\NEU-CLS\Pa_115.bmp,Pa_115.bmp,Patches,train
C:\Users\Letic\Downloads\NEU-CLS\In_106.bmp,In_106.bmp,Inclusion,train
C:\Users\Letic\Downloads\NEU-CLS\Cr_258.bmp,Cr_258.bmp,Crazing,train
C:\Users\Letic\Downloads\NEU-CLS\Cr_165.bmp,Cr_165.bmp,Crazing,train
C:\Users\Letic\Downloads\NEU-CLS\RS_238.bmp,RS_238.bmp,Rolled-in_Scale,train
C:\Users\Letic\Downloads\NEU-CLS\PS_108.bmp,PS_108.bmp,Pitted_Surface,train
C:\Users\Letic\Downloads\NEU-CLS\Cr_289.bmp,Cr_289.bmp,Crazing,train
C:\Users\Letic\Downloads\NEU-CLS\Sc_290.bmp,Sc_290.bmp,Scratches,train
C:\Users\Letic\Downloads\NEU-CLS\In_207.bmp,In_207.bmp,Inclusion,train
C:\Users\Letic\Downloads\NEU-CLS\Pa_220.bmp,Pa_220.bmp,Patches,train
C:\Users\Letic\Downloads\NEU-CLS\Sc_285.bmp,Sc_285.bmp,Scratches,train
C:\Users\Letic\Downloads\NEU-CLS\In_214.bmp,In_214.bmp,Inclusion,train
C:\Users\Letic\Downloads\NEU-CLS\In_165.bmp,In_165.bmp,Inclusion,train
C:\Users\Letic\Downloads\NEU-CLS\Sc_57.bmp,Sc_57.bmp,Scratches,train
C:\Users\Letic\Downloads\NEU-CLS\RS_199.bmp,RS_199.bmp,Rolled-in_Scale,train
C:\Users\Letic\Downloads\NEU-CLS\PS_193.bmp,PS_193.bmp,Pitted_Surface,train
C:\Users\Letic\Downloads\NEU-CLS\In_117.bmp,In_117.bmp,Inclusion,train
C:\Users\Letic\Downloads\NEU-CLS\In_211.bmp,In_211.bmp,Inclusion,train
C:\Users\Letic\Downloads\NEU-CLS\Cr_34.bmp,Cr_34.bmp,Crazing,train
C:\Users\Letic\Downloads\NEU-CLS\In_174.bmp,In_174.bmp,Inclusion,train
C:\Users\Letic\Downloads\NEU-CLS\Pa_225.bmp,Pa_225.bmp,Patches,train
C:\Users\Letic\Downloads\NEU-CLS\RS_119.bmp,RS_119.bmp,Rolled-in_Scale,train
C:\Users\Letic\Downloads\NEU-CLS\Pa_29.bmp,Pa_29.bmp,Patches,train
C:\Users\Letic\Downloads\NEU-CLS\PS_14.bmp,PS_14.bmp,Pitted_Surface,train
C:\Users\Letic\Downloads\NEU-CLS\Cr_35.bmp,Cr_35.bmp,Crazing,train
C:\Users\Letic\Downloads\NEU-CLS\PS_128.bmp,PS_128.bmp,Pitted_Surface,train
C:\Users\Letic\Downloads\NEU-CLS\RS_79.bmp,RS_79.bmp,Rolled-in_Scale,train
C:\Users\Letic\Downloads\NEU-CLS\RS_71.bmp,RS_71.bmp,Rolled-in_Scale,train
C:\Users\Letic\Downloads\NEU-CLS\Cr_236.bmp,Cr_236.bmp,Crazing,train
C:\Users\Letic\Downloads\NEU-CLS\Pa_7.bmp,Pa_7.bmp,Patches,train
C:\Users\Letic\Downloads\NEU-CLS\PS_45.bmp,PS_45.bmp,Pitted_Surface,train
C:\Users\Letic\Downloads\NEU-CLS\Cr_1.bmp,Cr_1.bmp,Crazing,train
C:\Users\Letic\Downloads\NEU-CLS\Sc_73.bmp,Sc_73.bmp,Scratches,train
C:\Users\Letic\Downloads\NEU-CLS\In_193.bmp,In_193.bmp,Inclusion,train
C:\Users\Letic\Downloads\NEU-CLS\RS_76.bmp,RS_76.bmp,Rolled-in_Scale,train
C:\Users\Letic\Downloads\NEU-CLS\In_180.bmp,In_180.bmp,Inclusion,train
C:\Users\Letic\Downloads\NEU-CLS\Pa_61.bmp,Pa_61.bmp,Patches,train
C:\Users\Letic\Downloads\NEU-CLS\RS_132.bmp,RS_132.bmp,Rolled-in_Scale,train
C:\Users\Letic\Downloads\NEU-CLS\Sc_298.bmp,Sc_298.bmp,Scratches,train
C:\Users\Letic\Downloads\NEU-CLS\In_69.bmp,In_69.bmp,Inclusion,train
C:\Users\Letic\Downloads\NEU-CLS\Pa_177.bmp,Pa_177.bmp,Patches,train
C:\Users\Letic\Downloads\NEU-CLS\RS_198.bmp,RS_198.bmp,Rolled-in_Scale,train
C:\Users\Letic\Downloads\NEU-CLS\Cr_166.bmp,Cr_166.bmp,Crazing,train
C:\Users\Letic\Downloads\NEU-CLS\RS_163.bmp,RS_163.bmp,Rolled-in_Scale,train
C:\Users\Letic\Downloads\NEU-CLS\Pa_51.bmp,Pa_51.bmp,Patches,train
C:\Users\Letic\Downloads\NEU-CLS\PS_212.bmp,PS_212.bmp,Pitted_Surface,train
C:\Users\Letic\Downloads\NEU-CLS\Pa_207.bmp,Pa_207.bmp,Patches,train
C:\Users\Letic\Downloads\NEU-CLS\PS_146.bmp,PS_146.bmp,Pitted_Surface,train
C:\Users\Letic\Downloads\NEU-CLS\In_148.bmp,In_148.bmp,Inclusion,train
C:\Users\Letic\Downloads\NEU-CLS\Cr_121.bmp,Cr_121.bmp,Crazing,train
C:\Users\Letic\Downloads\NEU-CLS\RS_295.bmp,RS_295.bmp,Rolled-in_Scale,train
C:\Users\Letic\Downloads\NEU-CLS\Cr_219.bmp,Cr_219.bmp,Crazing,train
C:\Users\Letic\Downloads\NEU-CLS\RS_182.bmp,RS_182.bmp,Rolled-in_Scale,train
C:\Users\Letic\Downloads\NEU-CLS\RS_294.bmp,RS_294.bmp,Rolled-in_Scale,train
C:\Users\Letic\Downloads\NEU-CLS\In_128.bmp,In_128.bmp,Inclusion,train
C:\Users\Letic\Downloads\NEU-CLS\Cr_164.bmp,Cr_164.bmp,Crazing,train
C:\Users\Letic\Downloads\NEU-CLS\Pa_63.bmp,Pa_63.bmp,Patches,train
C:\Users\Letic\Downloads\NEU-CLS\Cr_114.bmp,Cr_114.bmp,Crazing,train
C:\Users\Letic\Downloads\NEU-CLS\PS_261.bmp,PS_261.bmp,Pitted_Surface,train
C:\Users\Letic\Downloads\NEU-CLS\RS_18.bmp,RS_18.bmp,Rolled-in_Scale,train
C:\Users\Letic\Downloads\NEU-CLS\Sc_28.bmp,Sc_28.bmp,Scratches,train
C:\Users\Letic\Downloads\NEU-CLS\RS_168.bmp,RS_168.bmp,Rolled-in_Scale,train
C:\Users\Letic\Downloads\NEU-CLS\In_79.bmp,In_79.bmp,Inclusion,train
C:\Users\Letic\Downloads\NEU-CLS\Pa_289.bmp,Pa_289.bmp,Patches,train
C:\Users\Letic\Downloads\NEU-CLS\PS_205.bmp,PS_205.bmp,Pitted_Surface,train
C:\Users\Letic\Downloads\NEU-CLS\RS_239.bmp,RS_239.bmp,Rolled-in_Scale,train
C:\Users\Letic\Downloads\NEU-CLS\In_171.bmp,In_171.bmp,Inclusion,train
C:\Users\Letic\Downloads\NEU-CLS\In_156.bmp,In_156.bmp,Inclusion,train
C:\Users\Letic\Downloads\NEU-CLS\PS_214.bmp,PS_214.bmp,Pitted_Surface,train
C:\Users\Letic\Downloads\NEU-CLS\In_263.bmp,In_263.bmp,Inclusion,train
C:\Users\Letic\Downloads\NEU-CLS\PS_188.bmp,PS_188.bmp,Pitted_Surface,train
C:\Users\Letic\Downloads\NEU-CLS\PS_109.bmp,PS_109.bmp,Pitted_Surface,train
C:\Users\Letic\Downloads\NEU-CLS\Sc_37.bmp,Sc_37.bmp,Scratches,train
C:\Users\Letic\Downloads\NEU-CLS\Cr_285.bmp,Cr_285.bmp,Crazing,train
C:\Users\Letic\Downloads\NEU-CLS\RS_202.bmp,RS_202.bmp,Rolled-in_Scale,train
C:\Users\Letic\Downloads\NEU-CLS\Cr_54.bmp,Cr_54.bmp,Crazing,train
C:\Users\Letic\Downloads\NEU-CLS\RS_219.bmp,RS_219.bmp,Rolled-in_Scale,train
C:\Users\Letic\Downloads\NEU-CLS\RS_84.bmp,RS_84.bmp,Rolled-in_Scale,train
C:\Users\Letic\Downloads\NEU-CLS\RS_19.bmp,RS_19.bmp,Rolled-in_Scale,train
C:\Users\Letic\Downloads\NEU-CLS\RS_140.bmp,RS_140.bmp,Rolled-in_Scale,train
C:\Users\Letic\Downloads\NEU-CLS\Cr_257.bmp,Cr_257.bmp,Crazing,train
C:\Users\Letic\Downloads\NEU-CLS\RS_212.bmp,RS_212.bmp,Rolled-in_Scale,train
C:\Users\Letic\Downloads\NEU-CLS\PS_46.bmp,PS_46.bmp,Pitted_Surface,train
C:\Users\Letic\Downloads\NEU-CLS\Sc_13.bmp,Sc_13.bmp,Scratches,train
C:\Users\Letic\Downloads\NEU-CLS\Pa_121.bmp,Pa_121.bmp,Patches,train
C:\Users\Letic\Downloads\NEU-CLS\RS_226.bmp,RS_226.bmp,Rolled-in_Scale,train
C:\Users\Letic\Downloads\NEU-CLS\In_99.bmp,In_99.bmp,Inclusion,train
C:\Users\Letic\Downloads\NEU-CLS\Cr_71.bmp,Cr_71.bmp,Crazing,train
C:\Users\Letic\Downloads\NEU-CLS\RS_125.bmp,RS_125.bmp,Rolled-in_Scale,train
C:\Users\Letic\Downloads\NEU-CLS\Cr_128.bmp,Cr_128.bmp,Crazing,train
C:\Users\Letic\Downloads\NEU-CLS\Sc_150.bmp,Sc_150.bmp,Scratches,train
C:\Users\Letic\Downloads\NEU-CLS\Pa_223.bmp,Pa_223.bmp,Patches,train
C:\Users\Letic\Downloads\NEU-CLS\Cr_206.bmp,Cr_206.bmp,Crazing,train
C:\Users\Letic\Downloads\NEU-CLS\In_221.bmp,In_221.bmp,Inclusion,train
C:\Users\Letic\Downloads\NEU-CLS\In_199.bmp,In_199.bmp,Inclusion,train
C:\Users\Letic\Downloads\NEU-CLS\Cr_238.bmp,Cr_238.bmp,Crazing,train
C:\Users\Letic\Downloads\NEU-CLS\Sc_39.bmp,Sc_39.bmp,Scratches,train
C:\Users\Letic\Downloads\NEU-CLS\PS_147.bmp,PS_147.bmp,Pitted_Surface,train
C:\Users\Letic\Downloads\NEU-CLS\Pa_170.bmp,Pa_170.bmp,Patches,train
C:\Users\Letic\Downloads\NEU-CLS\In_198.bmp,In_198.bmp,Inclusion,train
C:\Users\Letic\Downloads\NEU-CLS\Sc_89.bmp,Sc_89.bmp,Scratches,train
C:\Users\Letic\Downloads\NEU-CLS\PS_220.bmp,PS_220.bmp,Pitted_Surface,train
C:\Users\Letic\Downloads\NEU-CLS\Cr_70.bmp,Cr_70.bmp,Crazing,train
C:\Users\Letic\Downloads\NEU-CLS\PS_289.bmp,PS_289.bmp,Pitted_Surface,train
C:\Users\Letic\Downloads\NEU-CLS\In_4.bmp,In_4.bmp,Inclusion,train
C:\Users\Letic\Downloads\NEU-CLS\Pa_46.bmp,Pa_46.bmp,Patches,train
C:\Users\Letic\Downloads\NEU-CLS\RS_143.bmp,RS_143.bmp,Rolled-in_Scale,train
C:\Users\Letic\Downloads\NEU-CLS\Sc_257.bmp,Sc_257.bmp,Scratches,val
C:\Users\Letic\Downloads\NEU-CLS\In_127.bmp,In_127.bmp,Inclusion,val
C:\Users\Letic\Downloads\NEU-CLS\In_97.bmp,In_97.bmp,Inclusion,val
C:\Users\Letic\Downloads\NEU-CLS\Sc_218.bmp,Sc_218.bmp,Scratches,val
C:\Users\Letic\Downloads\NEU-CLS\RS_144.bmp,RS_144.bmp,Rolled-in_Scale,val
C:\Users\Letic\Downloads\NEU-CLS\Pa_86.bmp,Pa_86.bmp,Patches,val
C:\Users\Letic\Downloads\NEU-CLS\Pa_232.bmp,Pa_232.bmp,Patches,val
C:\Users\Letic\Downloads\NEU-CLS\RS_230.bmp,RS_230.bmp,Rolled-in_Scale,val
C:\Users\Letic\Downloads\NEU-CLS\RS_276.bmp,RS_276.bmp,Rolled-in_Scale,val
C:\Users\Letic\Downloads\NEU-CLS\PS_253.bmp,PS_253.bmp,Pitted_Surface,val
C:\Users\Letic\Downloads\NEU-CLS\Pa_171.bmp,Pa_171.bmp,Patches,val
C:\Users\Letic\Downloads\NEU-CLS\Sc_116.bmp,Sc_116.bmp,Scratches,val
C:\Users\Letic\Downloads\NEU-CLS\In_202.bmp,In_202.bmp,Inclusion,val
C:\Users\Letic\Downloads\NEU-CLS\PS_233.bmp,PS_233.bmp,Pitted_Surface,val
C:\Users\Letic\Downloads\NEU-CLS\Cr_142.bmp,Cr_142.bmp,Crazing,val
C:\Users\Letic\Downloads\NEU-CLS\PS_99.bmp,PS_99.bmp,Pitted_Surface,val
C:\Users\Letic\Downloads\NEU-CLS\Pa_263.bmp,Pa_263.bmp,Patches,val
C:\Users\Letic\Downloads\NEU-CLS\In_297.bmp,In_297.bmp,Inclusion,val
C:\Users\Letic\Downloads\NEU-CLS\In_254.bmp,In_254.bmp,Inclusion,val
C:\Users\Letic\Downloads\NEU-CLS\Pa_212.bmp,Pa_212.bmp,Patches,val
C:\Users\Letic\Downloads\NEU-CLS\Pa_88.bmp,Pa_88.bmp,Patches,val
C:\Users\Letic\Downloads\NEU-CLS\Sc_187.bmp,Sc_187.bmp,Scratches,val
C:\Users\Letic\Downloads\NEU-CLS\In_84.bmp,In_84.bmp,Inclusion,val
C:\Users\Letic\Downloads\NEU-CLS\In_188.bmp,In_188.bmp,Inclusion,val
C:\Users\Letic\Downloads\NEU-CLS\RS_159.bmp,RS_159.bmp,Rolled-in_Scale,val
C:\Users\Letic\Downloads\NEU-CLS\In_251.bmp,In_251.bmp,Inclusion,val
C:\Users\Letic\Downloads\NEU-CLS\Cr_233.bmp,Cr_233.bmp,Crazing,val
C:\Users\Letic\Downloads\NEU-CLS\PS_268.bmp,PS_268.bmp,Pitted_Surface,val
C:\Users\Letic\Downloads\NEU-CLS\RS_134.bmp,RS_134.bmp,Rolled-in_Scale,val
C:\Users\Letic\Downloads\NEU-CLS\RS_262.bmp,RS_262.bmp,Rolled-in_Scale,val
C:\Users\Letic\Downloads\NEU-CLS\PS_29.bmp,PS_29.bmp,Pitted_Surface,val
C:\Users\Letic\Downloads\NEU-CLS\Sc_87.bmp,Sc_87.bmp,Scratches,val
C:\Users\Letic\Downloads\NEU-CLS\RS_124.bmp,RS_124.bmp,Rolled-in_Scale,val
C:\Users\Letic\Downloads\NEU-CLS\Sc_139.bmp,Sc_139.bmp,Scratches,val
C:\Users\Letic\Downloads\NEU-CLS\RS_136.bmp,RS_136.bmp,Rolled-in_Scale,val
C:\Users\Letic\Downloads\NEU-CLS\In_292.bmp,In_292.bmp,Inclusion,val
C:\Users\Letic\Downloads\NEU-CLS\PS_226.bmp,PS_226.bmp,Pitted_Surface,val
C:\Users\Letic\Downloads\NEU-CLS\Sc_16.bmp,Sc_16.bmp,Scratches,val
C:\Users\Letic\Downloads\NEU-CLS\PS_218.bmp,PS_218.bmp,Pitted_Surface,val
C:\Users\Letic\Downloads\NEU-CLS\RS_59.bmp,RS_59.bmp,Rolled-in_Scale,val
C:\Users\Letic\Downloads\NEU-CLS\RS_243.bmp,RS_243.bmp,Rolled-in_Scale,val
C:\Users\Letic\Downloads\NEU-CLS\RS_48.bmp,RS_48.bmp,Rolled-in_Scale,val
C:\Users\Letic\Downloads\NEU-CLS\In_59.bmp,In_59.bmp,Inclusion,val
C:\Users\Letic\Downloads\NEU-CLS\In_22.bmp,In_22.bmp,Inclusion,val
C:\Users\Letic\Downloads\NEU-CLS\In_298.bmp,In_298.bmp,Inclusion,val
C:\Users\Letic\Downloads\NEU-CLS\Pa_242.bmp,Pa_242.bmp,Patches,val
C:\Users\Letic\Downloads\NEU-CLS\In_176.bmp,In_176.bmp,Inclusion,val
C:\Users\Letic\Downloads\NEU-CLS\Sc_140.bmp,Sc_140.bmp,Scratches,val
C:\Users\Letic\Downloads\NEU-CLS\Cr_24.bmp,Cr_24.bmp,Crazing,val
C:\Users\Letic\Downloads\NEU-CLS\Pa_271.bmp,Pa_271.bmp,Patches,val
C:\Users\Letic\Downloads\NEU-CLS\RS_110.bmp,RS_110.bmp,Rolled-in_Scale,val
C:\Users\Letic\Downloads\NEU-CLS\PS_121.bmp,PS_121.bmp,Pitted_Surface,val
C:\Users\Letic\Downloads\NEU-CLS\Sc_179.bmp,Sc_179.bmp,Scratches,val
C:\Users\Letic\Downloads\NEU-CLS\Cr_157.bmp,Cr_157.bmp,Crazing,val
C:\Users\Letic\Downloads\NEU-CLS\RS_105.bmp,RS_105.bmp,Rolled-in_Scale,val
C:\Users\Letic\Downloads\NEU-CLS\Sc_72.bmp,Sc_72.bmp,Scratches,val
C:\Users\Letic\Downloads\NEU-CLS\Cr_298.bmp,Cr_298.bmp,Crazing,val
C:\Users\Letic\Downloads\NEU-CLS\RS_45.bmp,RS_45.bmp,Rolled-in_Scale,val
C:\Users\Letic\Downloads\NEU-CLS\Pa_79.bmp,Pa_79.bmp,Patches,val
C:\Users\Letic\Downloads\NEU-CLS\Cr_111.bmp,Cr_111.bmp,Crazing,val
C:\Users\Letic\Downloads\NEU-CLS\Cr_270.bmp,Cr_270.bmp,Crazing,val
C:\Users\Letic\Downloads\NEU-CLS\Cr_148.bmp,Cr_148.bmp,Crazing,val
C:\Users\Letic\Downloads\NEU-CLS\Pa_82.bmp,Pa_82.bmp,Patches,val
C:\Users\Letic\Downloads\NEU-CLS\Sc_63.bmp,Sc_63.bmp,Scratches,val
C:\Users\Letic\Downloads\NEU-CLS\Cr_5.bmp,Cr_5.bmp,Crazing,val
C:\Users\Letic\Downloads\NEU-CLS\PS_142.bmp,PS_142.bmp,Pitted_Surface,val
C:\Users\Letic\Downloads\NEU-CLS\Sc_181.bmp,Sc_181.bmp,Scratches,val
C:\Users\Letic\Downloads\NEU-CLS\Sc_81.bmp,Sc_81.bmp,Scratches,val
C:\Users\Letic\Downloads\NEU-CLS\PS_47.bmp,PS_47.bmp,Pitted_Surface,val
C:\Users\Letic\Downloads\NEU-CLS\Cr_223.bmp,Cr_223.bmp,Crazing,val
C:\Users\Letic\Downloads\NEU-CLS\Cr_23.bmp,Cr_23.bmp,Crazing,val
C:\Users\Letic\Downloads\NEU-CLS\In_114.bmp,In_114.bmp,Inclusion,val
C:\Users\Letic\Downloads\NEU-CLS\Pa_290.bmp,Pa_290.bmp,Patches,val
C:\Users\Letic\Downloads\NEU-CLS\Cr_12.bmp,Cr_12.bmp,Crazing,val
C:\Users\Letic\Downloads\NEU-CLS\RS_292.bmp,RS_292.bmp,Rolled-in_Scale,val
C:\Users\Letic\Downloads\NEU-CLS\PS_101.bmp,PS_101.bmp,Pitted_Surface,val
C:\Users\Letic\Downloads\NEU-CLS\Sc_293.bmp,Sc_293.bmp,Scratches,val
C:\Users\Letic\Downloads\NEU-CLS\RS_200.bmp,RS_200.bmp,Rolled-in_Scale,val
C:\Users\Letic\Downloads\NEU-CLS\Sc_200.bmp,Sc_200.bmp,Scratches,val
C:\Users\Letic\Downloads\NEU-CLS\Pa_87.bmp,Pa_87.bmp,Patches,val
C:\Users\Letic\Downloads\NEU-CLS\Cr_66.bmp,Cr_66.bmp,Crazing,val
C:\Users\Letic\Downloads\NEU-CLS\In_226.bmp,In_226.bmp,Inclusion,val
C:\Users\Letic\Downloads\NEU-CLS\PS_77.bmp,PS_77.bmp,Pitted_Surface,val
C:\Users\Letic\Downloads\NEU-CLS\RS_166.bmp,RS_166.bmp,Rolled-in_Scale,val
C:\Users\Letic\Downloads\NEU-CLS\In_96.bmp,In_96.bmp,Inclusion,val
C:\Users\Letic\Downloads\NEU-CLS\Sc_56.bmp,Sc_56.bmp,Scratches,val
C:\Users\Letic\Downloads\NEU-CLS\In_53.bmp,In_53.bmp,Inclusion,val
C:\Users\Letic\Downloads\NEU-CLS\Sc_66.bmp,Sc_66.bmp,Scratches,val
C:\Users\Letic\Downloads\NEU-CLS\Cr_251.bmp,Cr_251.bmp,Crazing,val
C:\Users\Letic\Downloads\NEU-CLS\In_255.bmp,In_255.bmp,Inclusion,val
C:\Users\Letic\Downloads\NEU-CLS\In_233.bmp,In_233.bmp,Inclusion,val
C:\Users\Letic\Downloads\NEU-CLS\In_227.bmp,In_227.bmp,Inclusion,val
C:\Users\Letic\Downloads\NEU-CLS\Sc_258.bmp,Sc_258.bmp,Scratches,val
C:\Users\Letic\Downloads\NEU-CLS\Pa_136.bmp,Pa_136.bmp,Patches,val
C:\Users\Letic\Downloads\NEU-CLS\Sc_97.bmp,Sc_97.bmp,Scratches,val
C:\Users\Letic\Downloads\NEU-CLS\PS_300.bmp,PS_300.bmp,Pitted_Surface,val
C:\Users\Letic\Downloads\NEU-CLS\Pa_282.bmp,Pa_282.bmp,Patches,val
C:\Users\Letic\Downloads\NEU-CLS\Cr_235.bmp,Cr_235.bmp,Crazing,val
C:\Users\Letic\Downloads\NEU-CLS\Cr_78.bmp,Cr_78.bmp,Crazing,val
C:\Users\Letic\Downloads\NEU-CLS\PS_221.bmp,PS_221.bmp,Pitted_Surface,val
C:\Users\Letic\Downloads\NEU-CLS\PS_157.bmp,PS_157.bmp,Pitted_Surface,val
C:\Users\Letic\Downloads\NEU-CLS\Pa_191.bmp,Pa_191.bmp,Patches,val
C:\Users\Letic\Downloads\NEU-CLS\PS_174.bmp,PS_174.bmp,Pitted_Surface,val
C:\Users\Letic\Downloads\NEU-CLS\Cr_8.bmp,Cr_8.bmp,Crazing,val
C:\Users\Letic\Downloads\NEU-CLS\In_31.bmp,In_31.bmp,Inclusion,val
C:\Users\Letic\Downloads\NEU-CLS\PS_13.bmp,PS_13.bmp,Pitted_Surface,val
C:\Users\Letic\Downloads\NEU-CLS\Sc_274.bmp,Sc_274.bmp,Scratches,val
C:\Users\Letic\Downloads\NEU-CLS\RS_34.bmp,RS_34.bmp,Rolled-in_Scale,val
C:\Users\Letic\Downloads\NEU-CLS\Pa_267.bmp,Pa_267.bmp,Patches,val
C:\Users\Letic\Downloads\NEU-CLS\PS_106.bmp,PS_106.bmp,Pitted_Surface,val
C:\Users\Letic\Downloads\NEU-CLS\PS_76.bmp,PS_76.bmp,Pitted_Surface,val
C:\Users\Letic\Downloads\NEU-CLS\Pa_236.bmp,Pa_236.bmp,Patches,val
C:\Users\Letic\Downloads\NEU-CLS\RS_39.bmp,RS_39.bmp,Rolled-in_Scale,val
C:\Users\Letic\Downloads\NEU-CLS\PS_204.bmp,PS_204.bmp,Pitted_Surface,val
C:\Users\Letic\Downloads\NEU-CLS\Sc_201.bmp,Sc_201.bmp,Scratches,val
C:\Users\Letic\Downloads\NEU-CLS\In_133.bmp,In_133.bmp,Inclusion,val
C:\Users\Letic\Downloads\NEU-CLS\PS_154.bmp,PS_154.bmp,Pitted_Surface,val
C:\Users\Letic\Downloads\NEU-CLS\Pa_106.bmp,Pa_106.bmp,Patches,val
C:\Users\Letic\Downloads\NEU-CLS\Sc_180.bmp,Sc_180.bmp,Scratches,val
C:\Users\Letic\Downloads\NEU-CLS\In_261.bmp,In_261.bmp,Inclusion,val
C:\Users\Letic\Downloads\NEU-CLS\Pa_182.bmp,Pa_182.bmp,Patches,val
C:\Users\Letic\Downloads\NEU-CLS\In_236.bmp,In_236.bmp,Inclusion,val
C:\Users\Letic\Downloads\NEU-CLS\Cr_27.bmp,Cr_27.bmp,Crazing,val
C:\Users\Letic\Downloads\NEU-CLS\In_210.bmp,In_210.bmp,Inclusion,val
C:\Users\Letic\Downloads\NEU-CLS\Pa_281.bmp,Pa_281.bmp,Patches,val
C:\Users\Letic\Downloads\NEU-CLS\Pa_221.bmp,Pa_221.bmp,Patches,val
C:\Users\Letic\Downloads\NEU-CLS\Sc_170.bmp,Sc_170.bmp,Scratches,val
C:\Users\Letic\Downloads\NEU-CLS\PS_206.bmp,PS_206.bmp,Pitted_Surface,val
C:\Users\Letic\Downloads\NEU-CLS\Sc_120.bmp,Sc_120.bmp,Scratches,val
C:\Users\Letic\Downloads\NEU-CLS\Pa_229.bmp,Pa_229.bmp,Patches,val
C:\Users\Letic\Downloads\NEU-CLS\RS_274.bmp,RS_274.bmp,Rolled-in_Scale,val
C:\Users\Letic\Downloads\NEU-CLS\Sc_32.bmp,Sc_32.bmp,Scratches,val
C:\Users\Letic\Downloads\NEU-CLS\Cr_220.bmp,Cr_220.bmp,Crazing,val
C:\Users\Letic\Downloads\NEU-CLS\Cr_184.bmp,Cr_184.bmp,Crazing,val
C:\Users\Letic\Downloads\NEU-CLS\RS_30.bmp,RS_30.bmp,Rolled-in_Scale,val
C:\Users\Letic\Downloads\NEU-CLS\Cr_143.bmp,Cr_143.bmp,Crazing,val
C:\Users\Letic\Downloads\NEU-CLS\Cr_199.bmp,Cr_199.bmp,Crazing,val
C:\Users\Letic\Downloads\NEU-CLS\Pa_11.bmp,Pa_11.bmp,Patches,val
C:\Users\Letic\Downloads\NEU-CLS\Sc_149.bmp,Sc_149.bmp,Scratches,val
C:\Users\Letic\Downloads\NEU-CLS\Sc_276.bmp,Sc_276.bmp,Scratches,val
C:\Users\Letic\Downloads\NEU-CLS\Pa_116.bmp,Pa_116.bmp,Patches,val
C:\Users\Letic\Downloads\NEU-CLS\RS_206.bmp,RS_206.bmp,Rolled-in_Scale,val
C:\Users\Letic\Downloads\NEU-CLS\RS_188.bmp,RS_188.bmp,Rolled-in_Scale,val
C:\Users\Letic\Downloads\NEU-CLS\RS_151.bmp,RS_151.bmp,Rolled-in_Scale,val
C:\Users\Letic\Downloads\NEU-CLS\In_130.bmp,In_130.bmp,Inclusion,val
C:\Users\Letic\Downloads\NEU-CLS\PS_57.bmp,PS_57.bmp,Pitted_Surface,val
C:\Users\Letic\Downloads\NEU-CLS\In_42.bmp,In_42.bmp,Inclusion,val
C:\Users\Letic\Downloads\NEU-CLS\In_295.bmp,In_295.bmp,Inclusion,val
C:\Users\Letic\Downloads\NEU-CLS\Sc_251.bmp,Sc_251.bmp,Scratches,val
C:\Users\Letic\Downloads\NEU-CLS\In_213.bmp,In_213.bmp,Inclusion,val
C:\Users\Letic\Downloads\NEU-CLS\RS_197.bmp,RS_197.bmp,Rolled-in_Scale,val
C:\Users\Letic\Downloads\NEU-CLS\Cr_6.bmp,Cr_6.bmp,Crazing,val
C:\Users\Letic\Downloads\NEU-CLS\Sc_277.bmp,Sc_277.bmp,Scratches,val
C:\Users\Letic\Downloads\NEU-CLS\Sc_229.bmp,Sc_229.bmp,Scratches,val
C:\Users\Letic\Downloads\NEU-CLS\Pa_293.bmp,Pa_293.bmp,Patches,val
C:\Users\Letic\Downloads\NEU-CLS\PS_1.bmp,PS_1.bmp,Pitted_Surface,val
C:\Users\Letic\Downloads\NEU-CLS\RS_58.bmp,RS_58.bmp,Rolled-in_Scale,val
C:\Users\Letic\Downloads\NEU-CLS\PS_86.bmp,PS_86.bmp,Pitted_Surface,val
C:\Users\Letic\Downloads\NEU-CLS\Pa_39.bmp,Pa_39.bmp,Patches,val
C:\Users\Letic\Downloads\NEU-CLS\In_212.bmp,In_212.bmp,Inclusion,val
C:\Users\Letic\Downloads\NEU-CLS\RS_88.bmp,RS_88.bmp,Rolled-in_Scale,val
C:\Users\Letic\Downloads\NEU-CLS\Cr_22.bmp,Cr_22.bmp,Crazing,val
C:\Users\Letic\Downloads\NEU-CLS\Cr_189.bmp,Cr_189.bmp,Crazing,val
C:\Users\Letic\Downloads\NEU-CLS\Pa_94.bmp,Pa_94.bmp,Patches,val
C:\Users\Letic\Downloads\NEU-CLS\RS_161.bmp,RS_161.bmp,Rolled-in_Scale,val
C:\Users\Letic\Downloads\NEU-CLS\RS_205.bmp,RS_205.bmp,Rolled-in_Scale,val
C:\Users\Letic\Downloads\NEU-CLS\PS_51.bmp,PS_51.bmp,Pitted_Surface,val
C:\Users\Letic\Downloads\NEU-CLS\Cr_172.bmp,Cr_172.bmp,Crazing,val
C:\Users\Letic\Downloads\NEU-CLS\RS_172.bmp,RS_172.bmp,Rolled-in_Scale,val
C:\Users\Letic\Downloads\NEU-CLS\Pa_95.bmp,Pa_95.bmp,Patches,val
C:\Users\Letic\Downloads\NEU-CLS\PS_182.bmp,PS_182.bmp,Pitted_Surface,val
C:\Users\Letic\Downloads\NEU-CLS\Pa_78.bmp,Pa_78.bmp,Patches,val
C:\Users\Letic\Downloads\NEU-CLS\Pa_134.bmp,Pa_134.bmp,Patches,val
C:\Users\Letic\Downloads\NEU-CLS\PS_61.bmp,PS_61.bmp,Pitted_Surface,val
C:\Users\Letic\Downloads\NEU-CLS\Cr_151.bmp,Cr_151.bmp,Crazing,val
C:\Users\Letic\Downloads\NEU-CLS\Cr_135.bmp,Cr_135.bmp,Crazing,val
C:\Users\Letic\Downloads\NEU-CLS\PS_96.bmp,PS_96.bmp,Pitted_Surface,val
C:\Users\Letic\Downloads\NEU-CLS\PS_90.bmp,PS_90.bmp,Pitted_Surface,val
C:\Users\Letic\Downloads\NEU-CLS\Cr_147.bmp,Cr_147.bmp,Crazing,val
C:\Users\Letic\Downloads\NEU-CLS\Cr_237.bmp,Cr_237.bmp,Crazing,val
C:\Users\Letic\Downloads\NEU-CLS\RS_175.bmp,RS_175.bmp,Rolled-in_Scale,test
C:\Users\Letic\Downloads\NEU-CLS\PS_78.bmp,PS_78.bmp,Pitted_Surface,test
C:\Users\Letic\Downloads\NEU-CLS\Cr_94.bmp,Cr_94.bmp,Crazing,test
C:\Users\Letic\Downloads\NEU-CLS\Cr_69.bmp,Cr_69.bmp,Crazing,test
C:\Users\Letic\Downloads\NEU-CLS\RS_3.bmp,RS_3.bmp,Rolled-in_Scale,test
C:\Users\Letic\Downloads\NEU-CLS\Pa_166.bmp,Pa_166.bmp,Patches,test
C:\Users\Letic\Downloads\NEU-CLS\Cr_138.bmp,Cr_138.bmp,Crazing,test
C:\Users\Letic\Downloads\NEU-CLS\RS_116.bmp,RS_116.bmp,Rolled-in_Scale,test
C:\Users\Letic\Downloads\NEU-CLS\In_270.bmp,In_270.bmp,Inclusion,test
C:\Users\Letic\Downloads\NEU-CLS\Sc_128.bmp,Sc_128.bmp,Scratches,test
C:\Users\Letic\Downloads\NEU-CLS\Sc_103.bmp,Sc_103.bmp,Scratches,test
C:\Users\Letic\Downloads\NEU-CLS\Pa_181.bmp,Pa_181.bmp,Patches,test
C:\Users\Letic\Downloads\NEU-CLS\RS_280.bmp,RS_280.bmp,Rolled-in_Scale,test
C:\Users\Letic\Downloads\NEU-CLS\Pa_69.bmp,Pa_69.bmp,Patches,test
C:\Users\Letic\Downloads\NEU-CLS\Pa_295.bmp,Pa_295.bmp,Patches,test
C:\Users\Letic\Downloads\NEU-CLS\In_11.bmp,In_11.bmp,Inclusion,test
C:\Users\Letic\Downloads\NEU-CLS\Cr_243.bmp,Cr_243.bmp,Crazing,test
C:\Users\Letic\Downloads\NEU-CLS\Pa_190.bmp,Pa_190.bmp,Patches,test
C:\Users\Letic\Downloads\NEU-CLS\In_13.bmp,In_13.bmp,Inclusion,test
C:\Users\Letic\Downloads\NEU-CLS\Sc_134.bmp,Sc_134.bmp,Scratches,test
C:\Users\Letic\Downloads\NEU-CLS\RS_268.bmp,RS_268.bmp,Rolled-in_Scale,test
C:\Users\Letic\Downloads\NEU-CLS\In_200.bmp,In_200.bmp,Inclusion,test
C:\Users\Letic\Downloads\NEU-CLS\Sc_171.bmp,Sc_171.bmp,Scratches,test
C:\Users\Letic\Downloads\NEU-CLS\Pa_92.bmp,Pa_92.bmp,Patches,test
C:\Users\Letic\Downloads\NEU-CLS\In_122.bmp,In_122.bmp,Inclusion,test
C:\Users\Letic\Downloads\NEU-CLS\PS_130.bmp,PS_130.bmp,Pitted_Surface,test
C:\Users\Letic\Downloads\NEU-CLS\RS_237.bmp,RS_237.bmp,Rolled-in_Scale,test
C:\Users\Letic\Downloads\NEU-CLS\PS_132.bmp,PS_132.bmp,Pitted_Surface,test
C:\Users\Letic\Downloads\NEU-CLS\Sc_151.bmp,Sc_151.bmp,Scratches,test
C:\Users\Letic\Downloads\NEU-CLS\Sc_163.bmp,Sc_163.bmp,Scratches,test
C:\Users\Letic\Downloads\NEU-CLS\In_181.bmp,In_181.bmp,Inclusion,test
C:\Users\Letic\Downloads\NEU-CLS\Sc_186.bmp,Sc_186.bmp,Scratches,test
C:\Users\Letic\Downloads\NEU-CLS\Pa_111.bmp,Pa_111.bmp,Patches,test
C:\Users\Letic\Downloads\NEU-CLS\PS_103.bmp,PS_103.bmp,Pitted_Surface,test
C:\Users\Letic\Downloads\NEU-CLS\Cr_286.bmp,Cr_286.bmp,Crazing,test
C:\Users\Letic\Downloads\NEU-CLS\Pa_247.bmp,Pa_247.bmp,Patches,test
C:\Users\Letic\Downloads\NEU-CLS\RS_10.bmp,RS_10.bmp,Rolled-in_Scale,test
C:\Users\Letic\Downloads\NEU-CLS\Cr_48.bmp,Cr_48.bmp,Crazing,test
C:\Users\Letic\Downloads\NEU-CLS\PS_169.bmp,PS_169.bmp,Pitted_Surface,test
C:\Users\Letic\Downloads\NEU-CLS\In_83.bmp,In_83.bmp,Inclusion,test
C:\Users\Letic\Downloads\NEU-CLS\PS_91.bmp,PS_91.bmp,Pitted_Surface,test
C:\Users\Letic\Downloads\NEU-CLS\Cr_214.bmp,Cr_214.bmp,Crazing,test
C:\Users\Letic\Downloads\NEU-CLS\Pa_226.bmp,Pa_226.bmp,Patches,test
C:\Users\Letic\Downloads\NEU-CLS\In_184.bmp,In_184.bmp,Inclusion,test
C:\Users\Letic\Downloads\NEU-CLS\PS_2.bmp,PS_2.bmp,Pitted_Surface,test
C:\Users\Letic\Downloads\NEU-CLS\PS_41.bmp,PS_41.bmp,Pitted_Surface,test
C:\Users\Letic\Downloads\NEU-CLS\RS_104.bmp,RS_104.bmp,Rolled-in_Scale,test
C:\Users\Letic\Downloads\NEU-CLS\RS_131.bmp,RS_131.bmp,Rolled-in_Scale,test
C:\Users\Letic\Downloads\NEU-CLS\Pa_272.bmp,Pa_272.bmp,Patches,test
C:\Users\Letic\Downloads\NEU-CLS\Pa_284.bmp,Pa_284.bmp,Patches,test
C:\Users\Letic\Downloads\NEU-CLS\Cr_45.bmp,Cr_45.bmp,Crazing,test
C:\Users\Letic\Downloads\NEU-CLS\Sc_182.bmp,Sc_182.bmp,Scratches,test
C:\Users\Letic\Downloads\NEU-CLS\PS_235.bmp,PS_235.bmp,Pitted_Surface,test
C:\Users\Letic\Downloads\NEU-CLS\In_230.bmp,In_230.bmp,Inclusion,test
C:\Users\Letic\Downloads\NEU-CLS\Pa_266.bmp,Pa_266.bmp,Patches,test
C:\Users\Letic\Downloads\NEU-CLS\Sc_47.bmp,Sc_47.bmp,Scratches,test
C:\Users\Letic\Downloads\NEU-CLS\In_111.bmp,In_111.bmp,Inclusion,test
C:\Users\Letic\Downloads\NEU-CLS\PS_161.bmp,PS_161.bmp,Pitted_Surface,test
C:\Users\Letic\Downloads\NEU-CLS\Pa_218.bmp,Pa_218.bmp,Patches,test
C:\Users\Letic\Downloads\NEU-CLS\In_238.bmp,In_238.bmp,Inclusion,test
C:\Users\Letic\Downloads\NEU-CLS\Pa_280.bmp,Pa_280.bmp,Patches,test
C:\Users\Letic\Downloads\NEU-CLS\Pa_148.bmp,Pa_148.bmp,Patches,test
C:\Users\Letic\Downloads\NEU-CLS\Sc_106.bmp,Sc_106.bmp,Scratches,test
C:\Users\Letic\Downloads\NEU-CLS\Sc_102.bmp,Sc_102.bmp,Scratches,test
C:\Users\Letic\Downloads\NEU-CLS\RS_52.bmp,RS_52.bmp,Rolled-in_Scale,test
C:\Users\Letic\Downloads\NEU-CLS\Cr_249.bmp,Cr_249.bmp,Crazing,test
C:\Users\Letic\Downloads\NEU-CLS\In_253.bmp,In_253.bmp,Inclusion,test
C:\Users\Letic\Downloads\NEU-CLS\PS_277.bmp,PS_277.bmp,Pitted_Surface,test
C:\Users\Letic\Downloads\NEU-CLS\In_201.bmp,In_201.bmp,Inclusion,test
C:\Users\Letic\Downloads\NEU-CLS\RS_253.bmp,RS_253.bmp,Rolled-in_Scale,test
C:\Users\Letic\Downloads\NEU-CLS\Sc_45.bmp,Sc_45.bmp,Scratches,test
C:\Users\Letic\Downloads\NEU-CLS\RS_120.bmp,RS_120.bmp,Rolled-in_Scale,test
C:\Users\Letic\Downloads\NEU-CLS\In_271.bmp,In_271.bmp,Inclusion,test
C:\Users\Letic\Downloads\NEU-CLS\PS_281.bmp,PS_281.bmp,Pitted_Surface,test
C:\Users\Letic\Downloads\NEU-CLS\Pa_255.bmp,Pa_255.bmp,Patches,test
C:\Users\Letic\Downloads\NEU-CLS\Pa_23.bmp,Pa_23.bmp,Patches,test
C:\Users\Letic\Downloads\NEU-CLS\In_105.bmp,In_105.bmp,Inclusion,test
C:\Users\Letic\Downloads\NEU-CLS\Sc_221.bmp,Sc_221.bmp,Scratches,test
C:\Users\Letic\Downloads\NEU-CLS\PS_167.bmp,PS_167.bmp,Pitted_Surface,test
C:\Users\Letic\Downloads\NEU-CLS\PS_79.bmp,PS_79.bmp,Pitted_Surface,test
C:\Users\Letic\Downloads\NEU-CLS\Cr_139.bmp,Cr_139.bmp,Crazing,test
C:\Users\Letic\Downloads\NEU-CLS\Sc_250.bmp,Sc_250.bmp,Scratches,test
C:\Users\Letic\Downloads\NEU-CLS\RS_108.bmp,RS_108.bmp,Rolled-in_Scale,test
C:\Users\Letic\Downloads\NEU-CLS\In_58.bmp,In_58.bmp,Inclusion,test
C:\Users\Letic\Downloads\NEU-CLS\RS_176.bmp,RS_176.bmp,Rolled-in_Scale,test
C:\Users\Letic\Downloads\NEU-CLS\Pa_300.bmp,Pa_300.bmp,Patches,test
C:\Users\Letic\Downloads\NEU-CLS\PS_102.bmp,PS_102.bmp,Pitted_Surface,test
C:\Users\Letic\Downloads\NEU-CLS\Pa_231.bmp,Pa_231.bmp,Patches,test
C:\Users\Letic\Downloads\NEU-CLS\In_101.bmp,In_101.bmp,Inclusion,test
C:\Users\Letic\Downloads\NEU-CLS\In_187.bmp,In_187.bmp,Inclusion,test
C:\Users\Letic\Downloads\NEU-CLS\PS_227.bmp,PS_227.bmp,Pitted_Surface,test
C:\Users\Letic\Downloads\NEU-CLS\Pa_33.bmp,Pa_33.bmp,Patches,test
C:\Users\Letic\Downloads\NEU-CLS\Sc_153.bmp,Sc_153.bmp,Scratches,test
C:\Users\Letic\Downloads\NEU-CLS\PS_243.bmp,PS_243.bmp,Pitted_Surface,test
C:\Users\Letic\Downloads\NEU-CLS\Pa_291.bmp,Pa_291.bmp,Patches,test
C:\Users\Letic\Downloads\NEU-CLS\Cr_216.bmp,Cr_216.bmp,Crazing,test
C:\Users\Letic\Downloads\NEU-CLS\Pa_66.bmp,Pa_66.bmp,Patches,test
C:\Users\Letic\Downloads\NEU-CLS\RS_244.bmp,RS_244.bmp,Rolled-in_Scale,test
C:\Users\Letic\Downloads\NEU-CLS\Cr_62.bmp,Cr_62.bmp,Crazing,test
C:\Users\Letic\Downloads\NEU-CLS\Pa_35.bmp,Pa_35.bmp,Patches,test
C:\Users\Letic\Downloads\NEU-CLS\Pa_124.bmp,Pa_124.bmp,Patches,test
C:\Users\Letic\Downloads\NEU-CLS\Cr_244.bmp,Cr_244.bmp,Crazing,test
C:\Users\Letic\Downloads\NEU-CLS\Pa_228.bmp,Pa_228.bmp,Patches,test
C:\Users\Letic\Downloads\NEU-CLS\Cr_163.bmp,Cr_163.bmp,Crazing,test
C:\Users\Letic\Downloads\NEU-CLS\RS_266.bmp,RS_266.bmp,Rolled-in_Scale,test
C:\Users\Letic\Downloads\NEU-CLS\Pa_140.bmp,Pa_140.bmp,Patches,test
C:\Users\Letic\Downloads\NEU-CLS\Cr_295.bmp,Cr_295.bmp,Crazing,test
C:\Users\Letic\Downloads\NEU-CLS\PS_222.bmp,PS_222.bmp,Pitted_Surface,test
C:\Users\Letic\Downloads\NEU-CLS\RS_259.bmp,RS_259.bmp,Rolled-in_Scale,test
C:\Users\Letic\Downloads\NEU-CLS\PS_219.bmp,PS_219.bmp,Pitted_Surface,test
C:\Users\Letic\Downloads\NEU-CLS\Sc_193.bmp,Sc_193.bmp,Scratches,test
C:\Users\Letic\Downloads\NEU-CLS\In_39.bmp,In_39.bmp,Inclusion,test
C:\Users\Letic\Downloads\NEU-CLS\In_240.bmp,In_240.bmp,Inclusion,test
C:\Users\Letic\Downloads\NEU-CLS\In_234.bmp,In_234.bmp,Inclusion,test
C:\Users\Letic\Downloads\NEU-CLS\Pa_204.bmp,Pa_204.bmp,Patches,test
C:\Users\Letic\Downloads\NEU-CLS\PS_134.bmp,PS_134.bmp,Pitted_Surface,test
C:\Users\Letic\Downloads\NEU-CLS\Cr_191.bmp,Cr_191.bmp,Crazing,test
C:\Users\Letic\Downloads\NEU-CLS\PS_92.bmp,PS_92.bmp,Pitted_Surface,test
C:\Users\Letic\Downloads\NEU-CLS\RS_196.bmp,RS_196.bmp,Rolled-in_Scale,test
C:\Users\Letic\Downloads\NEU-CLS\Sc_30.bmp,Sc_30.bmp,Scratches,test
C:\Users\Letic\Downloads\NEU-CLS\RS_177.bmp,RS_177.bmp,Rolled-in_Scale,test
C:\Users\Letic\Downloads\NEU-CLS\Cr_106.bmp,Cr_106.bmp,Crazing,test
C:\Users\Letic\Downloads\NEU-CLS\In_152.bmp,In_152.bmp,Inclusion,test
C:\Users\Letic\Downloads\NEU-CLS\Cr_7.bmp,Cr_7.bmp,Crazing,test
C:\Users\Letic\Downloads\NEU-CLS\Pa_77.bmp,Pa_77.bmp,Patches,test
C:\Users\Letic\Downloads\NEU-CLS\Pa_180.bmp,Pa_180.bmp,Patches,test
C:\Users\Letic\Downloads\NEU-CLS\Sc_100.bmp,Sc_100.bmp,Scratches,test
C:\Users\Letic\Downloads\NEU-CLS\PS_113.bmp,PS_113.bmp,Pitted_Surface,test
C:\Users\Letic\Downloads\NEU-CLS\In_103.bmp,In_103.bmp,Inclusion,test
C:\Users\Letic\Downloads\NEU-CLS\In_155.bmp,In_155.bmp,Inclusion,test
C:\Users\Letic\Downloads\NEU-CLS\PS_34.bmp,PS_34.bmp,Pitted_Surface,test
C:\Users\Letic\Downloads\NEU-CLS\Cr_101.bmp,Cr_101.bmp,Crazing,test
C:\Users\Letic\Downloads\NEU-CLS\PS_166.bmp,PS_166.bmp,Pitted_Surface,test
C:\Users\Letic\Downloads\NEU-CLS\PS_224.bmp,PS_224.bmp,Pitted_Surface,test
C:\Users\Letic\Downloads\NEU-CLS\In_121.bmp,In_121.bmp,Inclusion,test
C:\Users\Letic\Downloads\NEU-CLS\RS_12.bmp,RS_12.bmp,Rolled-in_Scale,test
C:\Users\Letic\Downloads\NEU-CLS\RS_43.bmp,RS_43.bmp,Rolled-in_Scale,test
C:\Users\Letic\Downloads\NEU-CLS\PS_152.bmp,PS_152.bmp,Pitted_Surface,test
C:\Users\Letic\Downloads\NEU-CLS\Cr_268.bmp,Cr_268.bmp,Crazing,test
C:\Users\Letic\Downloads\NEU-CLS\Cr_87.bmp,Cr_87.bmp,Crazing,test
C:\Users\Letic\Downloads\NEU-CLS\PS_107.bmp,PS_107.bmp,Pitted_Surface,test
C:\Users\Letic\Downloads\NEU-CLS\Pa_244.bmp,Pa_244.bmp,Patches,test
C:\Users\Letic\Downloads\NEU-CLS\Pa_80.bmp,Pa_80.bmp,Patches,test
C:\Users\Letic\Downloads\NEU-CLS\Sc_230.bmp,Sc_230.bmp,Scratches,test
C:\Users\Letic\Downloads\NEU-CLS\Sc_209.bmp,Sc_209.bmp,Scratches,test
C:\Users\Letic\Downloads\NEU-CLS\PS_116.bmp,PS_116.bmp,Pitted_Surface,test
C:\Users\Letic\Downloads\NEU-CLS\Pa_25.bmp,Pa_25.bmp,Patches,test
C:\Users\Letic\Downloads\NEU-CLS\PS_223.bmp,PS_223.bmp,Pitted_Surface,test
C:\Users\Letic\Downloads\NEU-CLS\PS_64.bmp,PS_64.bmp,Pitted_Surface,test
C:\Users\Letic\Downloads\NEU-CLS\PS_244.bmp,PS_244.bmp,Pitted_Surface,test
C:\Users\Letic\Downloads\NEU-CLS\PS_19.bmp,PS_19.bmp,Pitted_Surface,test
C:\Users\Letic\Downloads\NEU-CLS\Sc_8.bmp,Sc_8.bmp,Scratches,test
C:\Users\Letic\Downloads\NEU-CLS\Pa_28.bmp,Pa_28.bmp,Patches,test
C:\Users\Letic\Downloads\NEU-CLS\In_75.bmp,In_75.bmp,Inclusion,test
C:\Users\Letic\Downloads\NEU-CLS\Pa_162.bmp,Pa_162.bmp,Patches,test
C:\Users\Letic\Downloads\NEU-CLS\RS_248.bmp,RS_248.bmp,Rolled-in_Scale,test
C:\Users\Letic\Downloads\NEU-CLS\Sc_99.bmp,Sc_99.bmp,Scratches,test
C:\Users\Letic\Downloads\NEU-CLS\RS_28.bmp,RS_28.bmp,Rolled-in_Scale,test
C:\Users\Letic\Downloads\NEU-CLS\Sc_91.bmp,Sc_91.bmp,Scratches,test
C:\Users\Letic\Downloads\NEU-CLS\Sc_195.bmp,Sc_195.bmp,Scratches,test
C:\Users\Letic\Downloads\NEU-CLS\Cr_42.bmp,Cr_42.bmp,Crazing,test
C:\Users\Letic\Downloads\NEU-CLS\Cr_93.bmp,Cr_93.bmp,Crazing,test
C:\Users\Letic\Downloads\NEU-CLS\Pa_26.bmp,Pa_26.bmp,Patches,test
C:\Users\Letic\Downloads\NEU-CLS\Pa_84.bmp,Pa_84.bmp,Patches,test
C:\Users\Letic\Downloads\NEU-CLS\Cr_33.bmp,Cr_33.bmp,Crazing,test
C:\Users\Letic\Downloads\NEU-CLS\Pa_283.bmp,Pa_283.bmp,Patches,test
C:\Users\Letic\Downloads\NEU-CLS\Sc_70.bmp,Sc_70.bmp,Scratches,test
C:\Users\Letic\Downloads\NEU-CLS\Pa_139.bmp,Pa_139.bmp,Patches,test
C:\Users\Letic\Downloads\NEU-CLS\In_131.bmp,In_131.bmp,Inclusion,test
C:\Users\Letic\Downloads\NEU-CLS\Sc_266.bmp,Sc_266.bmp,Scratches,test
C:\Users\Letic\Downloads\NEU-CLS\RS_118.bmp,RS_118.bmp,Rolled-in_Scale,test
C:\Users\Letic\Downloads\NEU-CLS\Cr_294.bmp,Cr_294.bmp,Crazing,test
C:\Users\Letic\Downloads\NEU-CLS\Sc_11.bmp,Sc_11.bmp,Scratches,test
C:\Users\Letic\Downloads\NEU-CLS\In_113.bmp,In_113.bmp,Inclusion,test
C:\Users\Letic\Downloads\NEU-CLS\Cr_56.bmp,Cr_56.bmp,Crazing,test
C:\Users\Letic\Downloads\NEU-CLS\Pa_100.bmp,Pa_100.bmp,Patches,test
C:\Users\Letic\Downloads\NEU-CLS\Cr_40.bmp,Cr_40.bmp,Crazing,test
C:\Users\Letic\Downloads\NEU-CLS\RS_186.bmp,RS_186.bmp,Rolled-in_Scale,test
C:\Users\Letic\Downloads\NEU-CLS\Sc_141.bmp,Sc_141.bmp,Scratches,test
C:\Users\Letic\Downloads\NEU-CLS\Cr_162.bmp,Cr_162.bmp,Crazing,test
C:\Users\Letic\Downloads\NEU-CLS\In_186.bmp,In_186.bmp,Inclusion,test
C:\Users\Letic\Downloads\NEU-CLS\RS_178.bmp,RS_178.bmp,Rolled-in_Scale,test
C:\Users\Letic\Downloads\NEU-CLS\RS_171.bmp,RS_171.bmp,Rolled-in_Scale,test
C:\Users\Letic\Downloads\NEU-CLS\Cr_290.bmp,Cr_290.bmp,Crazing,test
C:\Users\Letic\Downloads\NEU-CLS\In_86.bmp,In_86.bmp,Inclusion,test
C:\Users\Letic\Downloads\NEU-CLS\Pa_240.bmp,Pa_240.bmp,Patches,test
C:\Users\Letic\Downloads\NEU-CLS\Cr_72.bmp,Cr_72.bmp,Crazing,test
C:\Users\Letic\Downloads\NEU-CLS\Sc_31.bmp,Sc_31.bmp,Scratches,test
C:\Users\Letic\Downloads\NEU-CLS\RS_169.bmp,RS_169.bmp,Rolled-in_Scale,test
C:\Users\Letic\Downloads\NEU-CLS\Pa_130.bmp,Pa_130.bmp,Patches,test
C:\Users\Letic\Downloads\NEU-CLS\RS_299.bmp,RS_299.bmp,Rolled-in_Scale,test
C:\Users\Letic\Downloads\NEU-CLS\PS_74.bmp,PS_74.bmp,Pitted_Surface,test
C:\Users\Letic\Downloads\NEU-CLS\RS_80.bmp,RS_80.bmp,Rolled-in_Scale,test
C:\Users\Letic\Downloads\NEU-CLS\RS_287.bmp,RS_287.bmp,Rolled-in_Scale,test
C:\Users\Letic\Downloads\NEU-CLS\PS_50.bmp,PS_50.bmp,Pitted_Surface,test
C:\Users\Letic\Downloads\NEU-CLS\Pa_243.bmp,Pa_243.bmp,Patches,test
C:\Users\Letic\Downloads\NEU-CLS\Sc_147.bmp,Sc_147.bmp,Scratches,test
C:\Users\Letic\Downloads\NEU-CLS\In_14.bmp,In_14.bmp,Inclusion,test
C:\Users\Letic\Downloads\NEU-CLS\Sc_292.bmp,Sc_292.bmp,Scratches,test
C:\Users\Letic\Downloads\NEU-CLS\In_3.bmp,In_3.bmp,Inclusion,test
C:\Users\Letic\Downloads\NEU-CLS\PS_297.bmp,PS_297.bmp,Pitted_Surface,test
C:\Users\Letic\Downloads\NEU-CLS\Cr_21.bmp,Cr_21.bmp,Crazing,test
C:\Users\Letic\Downloads\NEU-CLS\Sc_132.bmp,Sc_132.bmp,Scratches,test
C:\Users\Letic\Downloads\NEU-CLS\Cr_181.bmp,Cr_181.bmp,Crazing,test
C:\Users\Letic\Downloads\NEU-CLS\Cr_280.bmp,Cr_280.bmp,Crazing,test
C:\Users\Letic\Downloads\NEU-CLS\RS_31.bmp,RS_31.bmp,Rolled-in_Scale,test
C:\Users\Letic\Downloads\NEU-CLS\In_116.bmp,In_116.bmp,Inclusion,test
C:\Users\Letic\Downloads\NEU-CLS\Cr_155.bmp,Cr_155.bmp,Crazing,test
C:\Users\Letic\Downloads\NEU-CLS\PS_140.bmp,PS_140.bmp,Pitted_Surface,test
C:\Users\Letic\Downloads\NEU-CLS\Sc_123.bmp,Sc_123.bmp,Scratches,test
C:\Users\Letic\Downloads\NEU-CLS\Sc_5.bmp,Sc_5.bmp,Scratches,test
C:\Users\Letic\Downloads\NEU-CLS\PS_20.bmp,PS_20.bmp,Pitted_Surface,test
C:\Users\Letic\Downloads\NEU-CLS\In_142.bmp,In_142.bmp,Inclusion,test
C:\Users\Letic\Downloads\NEU-CLS\Sc_44.bmp,Sc_44.bmp,Scratches,test
C:\Users\Letic\Downloads\NEU-CLS\Cr_284.bmp,Cr_284.bmp,Crazing,test
C:\Users\Letic\Downloads\NEU-CLS\PS_215.bmp,PS_215.bmp,Pitted_Surface,test
C:\Users\Letic\Downloads\NEU-CLS\Cr_118.bmp,Cr_118.bmp,Crazing,test
C:\Users\Letic\Downloads\NEU-CLS\Cr_271.bmp,Cr_271.bmp,Crazing,test
C:\Users\Letic\Downloads\NEU-CLS\RS_191.bmp,RS_191.bmp,Rolled-in_Scale,test
C:\Users\Letic\Downloads\NEU-CLS\RS_273.bmp,RS_273.bmp,Rolled-in_Scale,test
C:\Users\Letic\Downloads\NEU-CLS\RS_9.bmp,RS_9.bmp,Rolled-in_Scale,test
C:\Users\Letic\Downloads\NEU-CLS\Cr_60.bmp,Cr_60.bmp,Crazing,test
C:\Users\Letic\Downloads\NEU-CLS\Cr_46.bmp,Cr_46.bmp,Crazing,test
C:\Users\Letic\Downloads\NEU-CLS\In_82.bmp,In_82.bmp,Inclusion,test
C:\Users\Letic\Downloads\NEU-CLS\PS_11.bmp,PS_11.bmp,Pitted_Surface,test
C:\Users\Letic\Downloads\NEU-CLS\PS_18.bmp,PS_18.bmp,Pitted_Surface,test
C:\Users\Letic\Downloads\NEU-CLS\Sc_96.bmp,Sc_96.bmp,Scratches,test
C:\Users\Letic\Downloads\NEU-CLS\Sc_74.bmp,Sc_74.bmp,Scratches,test
C:\Users\Letic\Downloads\NEU-CLS\In_50.bmp,In_50.bmp,Inclusion,test
C:\Users\Letic\Downloads\NEU-CLS\Pa_270.bmp,Pa_270.bmp,Patches,test
C:\Users\Letic\Downloads\NEU-CLS\PS_164.bmp,PS_164.bmp,Pitted_Surface,test
C:\Users\Letic\Downloads\NEU-CLS\RS_53.bmp,RS_53.bmp,Rolled-in_Scale,test
C:\Users\Letic\Downloads\NEU-CLS\PS_234.bmp,PS_234.bmp,Pitted_Surface,test
C:\Users\Letic\Downloads\NEU-CLS\Cr_178.bmp,Cr_178.bmp,Crazing,test
C:\Users\Letic\Downloads\NEU-CLS\RS_201.bmp,RS_201.bmp,Rolled-in_Scale,test
C:\Users\Letic\Downloads\NEU-CLS\Cr_13.bmp,Cr_13.bmp,Crazing,test
C:\Users\Letic\Downloads\NEU-CLS\RS_101.bmp,RS_101.bmp,Rolled-in_Scale,test
C:\Users\Letic\Downloads\NEU-CLS\Sc_159.bmp,Sc_159.bmp,Scratches,test
C:\Users\Letic\Downloads\NEU-CLS\Pa_233.bmp,Pa_233.bmp,Patches,test
C:\Users\Letic\Downloads\NEU-CLS\Sc_43.bmp,Sc_43.bmp,Scratches,test
C:\Users\Letic\Downloads\NEU-CLS\Sc_69.bmp,Sc_69.bmp,Scratches,test
C:\Users\Letic\Downloads\NEU-CLS\Pa_298.bmp,Pa_298.bmp,Patches,test
C:\Users\Letic\Downloads\NEU-CLS\In_144.bmp,In_144.bmp,Inclusion,test
C:\Users\Letic\Downloads\NEU-CLS\In_5.bmp,In_5.bmp,Inclusion,test
C:\Users\Letic\Downloads\NEU-CLS\RS_234.bmp,RS_234.bmp,Rolled-in_Scale,test
C:\Users\Letic\Downloads\NEU-CLS\RS_65.bmp,RS_65.bmp,Rolled-in_Scale,test
C:\Users\Letic\Downloads\NEU-CLS\Cr_63.bmp,Cr_63.bmp,Crazing,test
C:\Users\Letic\Downloads\NEU-CLS\Cr_171.bmp,Cr_171.bmp,Crazing,test
C:\Users\Letic\Downloads\NEU-CLS\Sc_131.bmp,Sc_131.bmp,Scratches,test
C:\Users\Letic\Downloads\NEU-CLS\RS_135.bmp,RS_135.bmp,Rolled-in_Scale,test
C:\Users\Letic\Downloads\NEU-CLS\Cr_67.bmp,Cr_67.bmp,Crazing,test
C:\Users\Letic\Downloads\NEU-CLS\In_56.bmp,In_56.bmp,Inclusion,test
C:\Users\Letic\Downloads\NEU-CLS\In_157.bmp,In_157.bmp,Inclusion,test
C:\Users\Letic\Downloads\NEU-CLS\In_150.bmp,In_150.bmp,Inclusion,test
C:\Users\Letic\Downloads\NEU-CLS\Cr_256.bmp,Cr_256.bmp,Crazing,test
C:\Users\Letic\Downloads\NEU-CLS\PS_9.bmp,PS_9.bmp,Pitted_Surface,test
C:\Users\Letic\Downloads\NEU-CLS\PS_126.bmp,PS_126.bmp,Pitted_Surface,test
C:\Users\Letic\Downloads\NEU-CLS\Pa_151.bmp,Pa_151.bmp,Patches,test
C:\Users\Letic\Downloads\NEU-CLS\Cr_146.bmp,Cr_146.bmp,Crazing,test
C:\Users\Letic\Downloads\NEU-CLS\Sc_54.bmp,Sc_54.bmp,Scratches,test
C:\Users\Letic\Downloads\NEU-CLS\In_257.bmp,In_257.bmp,Inclusion,test
C:\Users\Letic\Downloads\NEU-CLS\PS_97.bmp,PS_97.bmp,Pitted_Surface,test
C:\Users\Letic\Downloads\NEU-CLS\Sc_154.bmp,Sc_154.bmp,Scratches,test
C:\Users\Letic\Downloads\NEU-CLS\RS_148.bmp,RS_148.bmp,Rolled-in_Scale,test
C:\Users\Letic\Downloads\NEU-CLS\Cr_208.bmp,Cr_208.bmp,Crazing,test
C:\Users\Letic\Downloads\NEU-CLS\Cr_110.bmp,Cr_110.bmp,Crazing,test
C:\Users\Letic\Downloads\NEU-CLS\PS_245.bmp,PS_245.bmp,Pitted_Surface,test
C:\Users\Letic\Downloads\NEU-CLS\Sc_152.bmp,Sc_152.bmp,Scratches,test
C:\Users\Letic\Downloads\NEU-CLS\Sc_242.bmp,Sc_242.bmp,Scratches,test
C:\Users\Letic\Downloads\NEU-CLS\Cr_269.bmp,Cr_269.bmp,Crazing,test
C:\Users\Letic\Downloads\NEU-CLS\Pa_22.bmp,Pa_22.bmp,Patches,test
C:\Users\Letic\Downloads\NEU-CLS\In_282.bmp,In_282.bmp,Inclusion,test
C:\Users\Letic\Downloads\NEU-CLS\Cr_10.bmp,Cr_10.bmp,Crazing,test
C:\Users\Letic\Downloads\NEU-CLS\Sc_61.bmp,Sc_61.bmp,Scratches,test
C:\Users\Letic\Downloads\NEU-CLS\Pa_239.bmp,Pa_239.bmp,Patches,test
C:\Users\Letic\Downloads\NEU-CLS\In_158.bmp,In_158.bmp,Inclusion,test
C:\Users\Letic\Downloads\NEU-CLS\Pa_74.bmp,Pa_74.bmp,Patches,test
C:\Users\Letic\Downloads\NEU-CLS\In_266.bmp,In_266.bmp,Inclusion,test
C:\Users\Letic\Downloads\NEU-CLS\Pa_113.bmp,Pa_113.bmp,Patches,test
C:\Users\Letic\Downloads\NEU-CLS\RS_189.bmp,RS_189.bmp,Rolled-in_Scale,test
C:\Users\Letic\Downloads\NEU-CLS\PS_155.bmp,PS_155.bmp,Pitted_Surface,test
C:\Users\Letic\Downloads\NEU-CLS\RS_73.bmp,RS_73.bmp,Rolled-in_Scale,test
C:\Users\Letic\Downloads\NEU-CLS\RS_66.bmp,RS_66.bmp,Rolled-in_Scale,test
C:\Users\Letic\Downloads\NEU-CLS\Cr_292.bmp,Cr_292.bmp,Crazing,test
C:\Users\Letic\Downloads\NEU-CLS\Sc_259.bmp,Sc_259.bmp,Scratches,test
C:\Users\Letic\Downloads\NEU-CLS\PS_203.bmp,PS_203.bmp,Pitted_Surface,test
C:\Users\Letic\Downloads\NEU-CLS\Pa_209.bmp,Pa_209.bmp,Patches,test
C:\Users\Letic\Downloads\NEU-CLS\Sc_283.bmp,Sc_283.bmp,Scratches,test
C:\Users\Letic\Downloads\NEU-CLS\In_161.bmp,In_161.bmp,Inclusion,test
C:\Users\Letic\Downloads\NEU-CLS\PS_292.bmp,PS_292.bmp,Pitted_Surface,test
C:\Users\Letic\Downloads\NEU-CLS\Cr_194.bmp,Cr_194.bmp,Crazing,test
C:\Users\Letic\Downloads\NEU-CLS\PS_184.bmp,PS_184.bmp,Pitted_Surface,test
C:\Users\Letic\Downloads\NEU-CLS\Pa_141.bmp,Pa_141.bmp,Patches,test
C:\Users\Letic\Downloads\NEU-CLS\Sc_18.bmp,Sc_18.bmp,Scratches,test
C:\Users\Letic\Downloads\NEU-CLS\Sc_206.bmp,Sc_206.bmp,Scratches,test
C:\Users\Letic\Downloads\NEU-CLS\RS_213.bmp,RS_213.bmp,Rolled-in_Scale,test
C:\Users\Letic\Downloads\NEU-CLS\Sc_23.bmp,Sc_23.bmp,Scratches,test
C:\Users\Letic\Downloads\NEU-CLS\In_15.bmp,In_15.bmp,Inclusion,test
C:\Users\Letic\Downloads\NEU-CLS\RS_46.bmp,RS_46.bmp,Rolled-in_Scale,test
C:\Users\Letic\Downloads\NEU-CLS\PS_259.bmp,PS_259.bmp,Pitted_Surface,test
C:\Users\Letic\Downloads\NEU-CLS\Pa_1.bmp,Pa_1.bmp,Patches,test
C:\Users\Letic\Downloads\NEU-CLS\RS_187.bmp,RS_187.bmp,Rolled-in_Scale,test
C:\Users\Letic\Downloads\NEU-CLS\Sc_188.bmp,Sc_188.bmp,Scratches,test
C:\Users\Letic\Downloads\NEU-CLS\In_260.bmp,In_260.bmp,Inclusion,test
C:\Users\Letic\Downloads\NEU-CLS\Sc_36.bmp,Sc_36.bmp,Scratches,test
C:\Users\Letic\Downloads\NEU-CLS\In_78.bmp,In_78.bmp,Inclusion,test
C:\Users\Letic\Downloads\NEU-CLS\RS_42.bmp,RS_42.bmp,Rolled-in_Scale,test
C:\Users\Letic\Downloads\NEU-CLS\Cr_279.bmp,Cr_279.bmp,Crazing,test
C:\Users\Letic\Downloads\NEU-CLS\Pa_47.bmp,Pa_47.bmp,Patches,test
C:\Users\Letic\Downloads\NEU-CLS\RS_247.bmp,RS_247.bmp,Rolled-in_Scale,test
C:\Users\Letic\Downloads\NEU-CLS\Sc_21.bmp,Sc_21.bmp,Scratches,test
C:\Users\Letic\Downloads\NEU-CLS\RS_50.bmp,RS_50.bmp,Rolled-in_Scale,test
C:\Users\Letic\Downloads\NEU-CLS\In_143.bmp,In_143.bmp,Inclusion,test
C:\Users\Letic\Downloads\NEU-CLS\Sc_295.bmp,Sc_295.bmp,Scratches,test
C:\Users\Letic\Downloads\NEU-CLS\RS_240.bmp,RS_240.bmp,Rolled-in_Scale,test
C:\Users\Letic\Downloads\NEU-CLS\PS_156.bmp,PS_156.bmp,Pitted_Surface,test
C:\Users\Letic\Downloads\NEU-CLS\RS_147.bmp,RS_147.bmp,Rolled-in_Scale,test
C:\Users\Letic\Downloads\NEU-CLS\PS_89.bmp,PS_89.bmp,Pitted_Surface,test
C:\Users\Letic\Downloads\NEU-CLS\In_235.bmp,In_235.bmp,Inclusion,test
C:\Users\Letic\Downloads\NEU-CLS\In_268.bmp,In_268.bmp,Inclusion,test
C:\Users\Letic\Downloads\NEU-CLS\In_68.bmp,In_68.bmp,Inclusion,test
C:\Users\Letic\Downloads\NEU-CLS\PS_25.bmp,PS_25.bmp,Pitted_Surface,test
C:\Users\Letic\Downloads\NEU-CLS\PS_183.bmp,PS_183.bmp,Pitted_Surface,test
C:\Users\Letic\Downloads\NEU-CLS\Sc_124.bmp,Sc_124.bmp,Scratches,test
C:\Users\Letic\Downloads\NEU-CLS\RS_130.bmp,RS_130.bmp,Rolled-in_Scale,test
C:\Users\Letic\Downloads\NEU-CLS\In_147.bmp,In_147.bmp,Inclusion,test
C:\Users\Letic\Downloads\NEU-CLS\Sc_95.bmp,Sc_95.bmp,Scratches,test
C:\Users\Letic\Downloads\NEU-CLS\RS_23.bmp,RS_23.bmp,Rolled-in_Scale,test
C:\Users\Letic\Downloads\NEU-CLS\PS_160.bmp,PS_160.bmp,Pitted_Surface,test
C:\Users\Letic\Downloads\NEU-CLS\PS_254.bmp,PS_254.bmp,Pitted_Surface,test
C:\Users\Letic\Downloads\NEU-CLS\Cr_134.bmp,Cr_134.bmp,Crazing,test
C:\Users\Letic\Downloads\NEU-CLS\RS_181.bmp,RS_181.bmp,Rolled-in_Scale,test
C:\Users\Letic\Downloads\NEU-CLS\Sc_25.bmp,Sc_25.bmp,Scratches,test
C:\Users\Letic\Downloads\NEU-CLS\Sc_64.bmp,Sc_64.bmp,Scratches,test
C:\Users\Letic\Downloads\NEU-CLS\In_89.bmp,In_89.bmp,Inclusion,test
C:\Users\Letic\Downloads\NEU-CLS\Pa_24.bmp,Pa_24.bmp,Patches,test
C:\Users\Letic\Downloads\NEU-CLS\RS_106.bmp,RS_106.bmp,Rolled-in_Scale,test
C:\Users\Letic\Downloads\NEU-CLS\Pa_117.bmp,Pa_117.bmp,Patches,test
C:\Users\Letic\Downloads\NEU-CLS\Cr_144.bmp,Cr_144.bmp,Crazing,test
C:\Users\Letic\Downloads\NEU-CLS\In_243.bmp,In_243.bmp,Inclusion,test
C:\Users\Letic\Downloads\NEU-CLS\In_38.bmp,In_38.bmp,Inclusion,test
C:\Users\Letic\Downloads\NEU-CLS\Cr_97.bmp,Cr_97.bmp,Crazing,test
C:\Users\Letic\Downloads\NEU-CLS\RS_185.bmp,RS_185.bmp,Rolled-in_Scale,test
C:\Users\Letic\Downloads\NEU-CLS\RS_146.bmp,RS_146.bmp,Rolled-in_Scale,test
C:\Users\Letic\Downloads\NEU-CLS\PS_273.bmp,PS_273.bmp,Pitted_Surface,test
C:\Users\Letic\Downloads\NEU-CLS\Pa_56.bmp,Pa_56.bmp,Patches,test
C:\Users\Letic\Downloads\NEU-CLS\Cr_117.bmp,Cr_117.bmp,Crazing,test
C:\Users\Letic\Downloads\NEU-CLS\Cr_141.bmp,Cr_141.bmp,Crazing,test
C:\Users\Letic\Downloads\NEU-CLS\In_27.bmp,In_27.bmp,Inclusion,test
C:\Users\Letic\Downloads\NEU-CLS\In_228.bmp,In_228.bmp,Inclusion,test
C:\Users\Letic\Downloads\NEU-CLS\Pa_153.bmp,Pa_153.bmp,Patches,test
C:\Users\Letic\Downloads\NEU-CLS\In_192.bmp,In_192.bmp,Inclusion,test
C:\Users\Letic\Downloads\NEU-CLS\PS_3.bmp,PS_3.bmp,Pitted_Surface,test
C:\Users\Letic\Downloads\NEU-CLS\Pa_205.bmp,Pa_205.bmp,Patches,test
C:\Users\Letic\Downloads\NEU-CLS\Cr_90.bmp,Cr_90.bmp,Crazing,test
C:\Users\Letic\Downloads\NEU-CLS\Cr_179.bmp,Cr_179.bmp,Crazing,test
C:\Users\Letic\Downloads\NEU-CLS\RS_2.bmp,RS_2.bmp,Rolled-in_Scale,test
C:\Users\Letic\Downloads\NEU-CLS\Pa_57.bmp,Pa_57.bmp,Patches,test
C:\Users\Letic\Downloads\NEU-CLS\Sc_98.bmp,Sc_98.bmp,Scratches,test
C:\Users\Letic\Downloads\NEU-CLS\PS_58.bmp,PS_58.bmp,Pitted_Surface,test
